fis,adhE,activator
fis,apaG,activator
fis,apaH,activator
fis,carA,activator
fis,carB,activator
fis,cspA,activator
fis,cyoA,activator
fis,cyoB,activator
fis,cyoC,activator
fis,cyoD,activator
fis,cyoE,activator
fis,deoA,activator
fis,deoB,activator
fis,deoC,activator
fis,deoD,activator
fis,fadA,activator
fis,fadB,activator
fis,glnA,activator
fis,glnG,activator
fis,glnL,activator
fis,glpA,activator
fis,glpB,activator
fis,glpC,activator
fis,glpQ,activator
fis,glpT,activator
fis,hns,activator
fis,hupA,activator
fis,infB,activator
fis,lpd,activator
fis,malE,activator
fis,malF,activator
fis,malG,activator
fis,mazG,activator
fis,nrdA,activator
fis,nrdB,activator
fis,nusA,activator
fis,pdxA,activator
fis,pnp,activator
fis,queA,activator
fis,rpsO,activator
fis,tpr,activator
fis,trg,activator
fis,trmA,activator
fis,tufB,activator
fis,truB,activator
fis,rbfA,activator
fis,marA,activator
fis,marR,activator
fis,sra,activator
fis,marB,activator
fis,proP,activator
fis,emrD,activator
fis,nuoM,activator
fis,nuoF,activator
fis,nuoA,activator
fis,nuoB,activator
fis,nuoC,activator
fis,nuoE,activator
fis,nuoG,activator
fis,nuoH,activator
fis,nuoI,activator
fis,nuoJ,activator
fis,nuoK,activator
fis,nuoL,activator
fis,nuoN,activator
fis,yfaE,activator
fis,alaT,activator
fis,alaU,activator
fis,alaV,activator
fis,alaW,activator
fis,alaX,activator
fis,argU,activator
fis,argW,activator
fis,argX,activator
fis,aspV,activator
fis,glnU,activator
fis,glnV,activator
fis,glnW,activator
fis,glnX,activator
fis,gltT,activator
fis,gltU,activator
fis,gltV,activator
fis,gltW,activator
fis,glyT,activator
fis,glyU,activator
fis,hisR,activator
fis,ileT,activator
fis,ileU,activator
fis,ileV,activator
fis,leuP,activator
fis,leuQ,activator
fis,leuT,activator
fis,leuV,activator
fis,leuW,activator
fis,leuX,activator
fis,lysT,activator
fis,lysV,activator
fis,lysW,activator
fis,metT,activator
fis,metU,activator
fis,metY,activator
fis,pheU,activator
fis,pheV,activator
fis,proK,activator
fis,proL,activator
fis,proM,activator
fis,rrfA,activator
fis,rrfB,activator
fis,rrfC,activator
fis,rrfD,activator
fis,rrfE,activator
fis,rrfG,activator
fis,rrfH,activator
fis,rrlA,activator
fis,rrlB,activator
fis,rrlC,activator
fis,rrlD,activator
fis,rrlE,activator
fis,rrlG,activator
fis,rrlH,activator
fis,rrsA,activator
fis,rrsB,activator
fis,rrsC,activator
fis,rrsD,activator
fis,rrsE,activator
fis,rrsG,activator
fis,rrsH,activator
fis,rrfF,activator
fis,serT,activator
fis,serX,activator
fis,thrT,activator
fis,thrU,activator
fis,thrV,activator
fis,thrW,activator
fis,tyrT,activator
fis,tyrU,activator
fis,tyrV,activator
fis,valT,activator
fis,valU,activator
fis,valX,activator
fis,valY,activator
fis,flxA,activator
rob,aldA,activator
rob,aslB,activator
rob,dapD,activator
rob,fumC,activator
rob,map,activator
rob,narG,activator
rob,nfo,activator
rob,rimK,activator
rob,sodA,activator
rob,tolC,activator
rob,ygiB,activator
rob,ygiC,activator
rob,zwf,activator
rob,nfsA,activator
rob,acnA,activator
rob,glgS,activator
rob,glnD,activator
rob,inaA,activator
rob,marA,activator
rob,marR,activator
rob,marB,activator
rob,acrA,activator
rob,acrB,activator
rob,mdtD,activator
rob,yacH,activator
rob,chaC,activator
rob,mdaB,activator
rob,ybjC,activator
rob,micF,activator
rob,ybiT,activator
rob,ybjN,activator
rob,ydcL,activator
rob,yhbW,activator
tyrR,folA,activator
tyrR,mtr,activator
argP,asd,activator
argP,dapB,activator
argP,dapD,activator
argP,dnaA,activator
argP,dnaN,activator
argP,gdhA,activator
argP,lysA,activator
argP,lysC,activator
argP,nrdA,activator
argP,nrdB,activator
argP,recF,activator
argP,argO,activator
argP,lysP,activator
argP,yfaE,activator
cpxR,acrD,activator
cpxR,cpxR,activator
cpxR,aroG,activator
cpxR,cpxA,activator
cpxR,lpxD,activator
cpxR,hha,activator
cpxR,degP,activator
cpxR,lpxA,activator
cpxR,ompC,activator
cpxR,ppiA,activator
cpxR,rpoH,activator
cpxR,sbmA,activator
cpxR,slt,activator
cpxR,dsbC,activator
cpxR,yccA,activator
cpxR,fabZ,activator
cpxR,dsbA,activator
cpxR,marA,activator
cpxR,marR,activator
cpxR,marB,activator
cpxR,baeS,activator
cpxR,baeR,activator
cpxR,bacA,activator
cpxR,yidQ,activator
cpxR,yebE,activator
cpxR,mdtD,activator
cpxR,rprA,activator
cpxR,yaiW,activator
cpxR,ppiD,activator
cpxR,spy,activator
cpxR,mdtA,activator
cpxR,mdtB,activator
cpxR,mdtC,activator
cpxR,yqaE,activator
cpxR,yqjA,activator
cpxR,cpxP,activator
cpxR,yjfN,activator
modE,hycA,activator
modE,hycB,activator
modE,hycC,activator
modE,hycD,activator
modE,hycE,activator
modE,hycF,activator
modE,hycG,activator
modE,hycH,activator
modE,narL,activator
modE,narX,activator
modE,moaA,activator
modE,moaB,activator
modE,moaD,activator
modE,moaE,activator
modE,moaC,activator
modE,ccmH,activator
modE,ccmG,activator
modE,ccmF,activator
modE,ccmE,activator
modE,ccmC,activator
modE,ccmB,activator
modE,ccmA,activator
modE,napC,activator
modE,napB,activator
modE,napH,activator
modE,napG,activator
modE,napA,activator
modE,napF,activator
modE,napD,activator
modE,ccmD,activator
modE,hycI,activator
fnr,dcuB,activator
fnr,cydC,activator
fnr,garL,activator
fnr,ackA,activator
fnr,adhE,activator
fnr,ansB,activator
fnr,aroP,activator
fnr,aspA,activator
fnr,cadC,activator
fnr,cheB,activator
fnr,cheR,activator
fnr,cheY,activator
fnr,cheZ,activator
fnr,cysG,activator
fnr,dmsA,activator
fnr,dmsB,activator
fnr,dmsC,activator
fnr,entF,activator
fnr,acrE,activator
fnr,acrF,activator
fnr,fdhF,activator
fnr,fepE,activator
fnr,fes,activator
fnr,fhlA,activator
fnr,frdA,activator
fnr,frdB,activator
fnr,frdC,activator
fnr,frdD,activator
fnr,fumB,activator
fnr,gcvH,activator
fnr,gdhA,activator
fnr,glpA,activator
fnr,glpB,activator
fnr,glpC,activator
fnr,glpQ,activator
fnr,glpT,activator
fnr,hypB,activator
fnr,hypC,activator
fnr,hypD,activator
fnr,hypE,activator
fnr,katG,activator
fnr,malP,activator
fnr,malQ,activator
fnr,narG,activator
fnr,narH,activator
fnr,narI,activator
fnr,narJ,activator
fnr,narK,activator
fnr,nirB,activator
fnr,nirC,activator
fnr,nirD,activator
fnr,pflB,activator
fnr,pstS,activator
fnr,phoU,activator
fnr,poxB,activator
fnr,pstA,activator
fnr,pstB,activator
fnr,pstC,activator
fnr,pykA,activator
fnr,rplB,activator
fnr,rplC,activator
fnr,rplD,activator
fnr,rplP,activator
fnr,rplV,activator
fnr,rplW,activator
fnr,rpmC,activator
fnr,rpsC,activator
fnr,rpsJ,activator
fnr,rpsQ,activator
fnr,rpsS,activator
fnr,tap,activator
fnr,tar,activator
fnr,tdcA,activator
fnr,tdcB,activator
fnr,tdcC,activator
fnr,thrA,activator
fnr,ung,activator
fnr,tdcD,activator
fnr,garK,activator
fnr,garR,activator
fnr,dcuA,activator
fnr,focA,activator
fnr,upp,activator
fnr,cydD,activator
fnr,nrdD,activator
fnr,gcvT,activator
fnr,argK,activator
fnr,nikR,activator
fnr,pepT,activator
fnr,caiD,activator
fnr,caiC,activator
fnr,caiB,activator
fnr,caiA,activator
fnr,caiT,activator
fnr,fixA,activator
fnr,fixB,activator
fnr,fixC,activator
fnr,fixX,activator
fnr,moaA,activator
fnr,moaB,activator
fnr,moaD,activator
fnr,moaE,activator
fnr,ydeJ,activator
fnr,moaC,activator
fnr,nrfA,activator
fnr,gcvP,activator
fnr,nrfB,activator
fnr,nrfC,activator
fnr,nrfD,activator
fnr,nrfE,activator
fnr,nrfF,activator
fnr,nrfG,activator
fnr,ccmH,activator
fnr,ccmG,activator
fnr,ccmF,activator
fnr,ccmE,activator
fnr,ccmC,activator
fnr,ccmB,activator
fnr,ccmA,activator
fnr,napC,activator
fnr,napB,activator
fnr,napH,activator
fnr,napG,activator
fnr,napA,activator
fnr,napF,activator
fnr,nikA,activator
fnr,nikB,activator
fnr,nikC,activator
fnr,nikD,activator
fnr,nikE,activator
fnr,feoA,activator
fnr,feoB,activator
fnr,uraA,activator
fnr,napD,activator
fnr,ccmD,activator
fnr,pitA,activator
fnr,bcsZ,activator
fnr,bcsB,activator
fnr,yibN,activator
fnr,ssuB,activator
fnr,garD,activator
fnr,caiE,activator
fnr,uxaA,activator
fnr,garP,activator
fnr,emrY,activator
fnr,metV,activator
fnr,rnpB,activator
fnr,caiF,activator
fnr,ybdN,activator
fnr,dcuC,activator
fnr,hcr,activator
fnr,hcp,activator
fnr,ssuC,activator
fnr,ssuD,activator
fnr,ssuA,activator
fnr,ssuE,activator
fnr,hlyE,activator
fnr,ydfZ,activator
fnr,ydfO,activator
fnr,ynfE,activator
fnr,ynfF,activator
fnr,ynfG,activator
fnr,ynfH,activator
fnr,dmsD,activator
fnr,ydhT,activator
fnr,ydhU,activator
fnr,ydhX,activator
fnr,ydhW,activator
fnr,ydhV,activator
fnr,ydhY,activator
fnr,yecR,activator
fnr,yfcZ,activator
fnr,emrK,activator
fnr,yffS,activator
fnr,mltA,activator
fnr,xdhA,activator
fnr,xdhB,activator
fnr,xdhC,activator
fnr,aer,activator
fnr,tdcG,activator
fnr,tdcF,activator
fnr,tdcE,activator
fnr,dcuR,activator
fnr,dcuS,activator
fnr,uxaC,activator
fnr,nrdG,activator
fnr,ybdZ,activator
crp,modB,activator
crp,dcuB,activator
crp,zraS,activator
crp,aceE,activator
crp,aceF,activator
crp,agp,activator
crp,aldA,activator
crp,ansB,activator
crp,araA,activator
crp,araB,activator
crp,araC,activator
crp,araD,activator
crp,araE,activator
crp,araF,activator
crp,araG,activator
crp,araH,activator
crp,argG,activator
crp,ascB,activator
crp,ascF,activator
crp,aspA,activator
crp,bglB,activator
crp,bglF,activator
crp,bglG,activator
crp,chbB,activator
crp,chbC,activator
crp,chbA,activator
crp,chbR,activator
crp,chbF,activator
crp,modC,activator
crp,cirA,activator
crp,cpdB,activator
crp,cstA,activator
crp,cyoA,activator
crp,cyoB,activator
crp,cyoC,activator
crp,cyoD,activator
crp,cyoE,activator
crp,dksA,activator
crp,dsdA,activator
crp,dsdX,activator
crp,ebgA,activator
crp,ebgC,activator
crp,entA,activator
crp,entB,activator
crp,entC,activator
crp,entD,activator
crp,entE,activator
crp,fadL,activator
crp,fbaA,activator
crp,fecA,activator
crp,fecB,activator
crp,fecC,activator
crp,fecD,activator
crp,fecE,activator
crp,fepA,activator
crp,flhC,activator
crp,flhD,activator
crp,fucA,activator
crp,fucI,activator
crp,fucK,activator
crp,fucO,activator
crp,fucP,activator
crp,fucR,activator
crp,fucU,activator
crp,fumA,activator
crp,fumB,activator
crp,fur,activator
crp,gabT,activator
crp,galS,activator
crp,gapA,activator
crp,epd,activator
crp,gcvH,activator
crp,glgA,activator
crp,glgC,activator
crp,glgP,activator
crp,glpA,activator
crp,glpB,activator
crp,glpC,activator
crp,glpD,activator
crp,glpE,activator
crp,glpF,activator
crp,glpG,activator
crp,glpK,activator
crp,glpQ,activator
crp,glpR,activator
crp,glpT,activator
crp,gltA,activator
crp,grpE,activator
crp,guaA,activator
crp,guaB,activator
crp,gyrA,activator
crp,hupA,activator
crp,hupB,activator
crp,zraR,activator
crp,ilvB,activator
crp,ilvN,activator
crp,lacI,activator
crp,lamB,activator
crp,malE,activator
crp,malF,activator
crp,malG,activator
crp,malK,activator
crp,malM,activator
crp,malT,activator
crp,malX,activator
crp,malY,activator
crp,manX,activator
crp,manY,activator
crp,manZ,activator
crp,mdh,activator
crp,melA,activator
crp,melB,activator
crp,mglA,activator
crp,mglB,activator
crp,mglC,activator
crp,mtlA,activator
crp,mtlD,activator
crp,nanA,activator
crp,nmpC,activator
crp,nrdA,activator
crp,nrdB,activator
crp,ompA,activator
crp,ompF,activator
crp,oxyR,activator
crp,pflB,activator
crp,pgk,activator
crp,priB,activator
crp,ptsG,activator
crp,rbsA,activator
crp,rbsB,activator
crp,rbsC,activator
crp,rbsD,activator
crp,rbsK,activator
crp,rbsR,activator
crp,relA,activator
crp,rhaR,activator
crp,rhaS,activator
crp,rplI,activator
crp,rpsF,activator
crp,rpsR,activator
crp,sdhA,activator
crp,sdhB,activator
crp,sdhC,activator
crp,sdhD,activator
crp,secB,activator
crp,serA,activator
crp,sfsA,activator
crp,sodA,activator
crp,srlE,activator
crp,srlB,activator
crp,srlD,activator
crp,gutM,activator
crp,gutQ,activator
crp,srlR,activator
crp,sucA,activator
crp,sucB,activator
crp,sucC,activator
crp,sucD,activator
crp,tdcA,activator
crp,tdcB,activator
crp,tdcC,activator
crp,tnaA,activator
crp,tnaB,activator
crp,trg,activator
crp,ugpA,activator
crp,ugpB,activator
crp,ugpC,activator
crp,ugpE,activator
crp,ugpQ,activator
crp,uhpT,activator
crp,uidA,activator
crp,uxaB,activator
crp,uxuA,activator
crp,xylA,activator
crp,xylB,activator
crp,xylE,activator
crp,pdhR,activator
crp,cspD,activator
crp,ubiG,activator
crp,hyfA,activator
crp,ygeA,activator
crp,tdcD,activator
crp,dcuA,activator
crp,melR,activator
crp,focA,activator
crp,ivbL,activator
crp,tnaC,activator
crp,hyfB,activator
crp,rhaT,activator
crp,malS,activator
crp,acnA,activator
crp,gabD,activator
crp,gabP,activator
crp,glgS,activator
crp,marA,activator
crp,marR,activator
crp,gcvT,activator
crp,acs,activator
crp,glpX,activator
crp,fadD,activator
crp,ychH,activator
crp,nadC,activator
crp,caiD,activator
crp,caiC,activator
crp,caiB,activator
crp,caiA,activator
crp,caiT,activator
crp,fixA,activator
crp,fixB,activator
crp,fixC,activator
crp,fixX,activator
crp,marB,activator
crp,uidB,activator
crp,hofC,activator
crp,gcvP,activator
crp,rhaD,activator
crp,rhaA,activator
crp,rhaB,activator
crp,sbmC,activator
crp,rpoE,activator
crp,actP,activator
crp,yjcH,activator
crp,mtlR,activator
crp,nupC,activator
crp,yeiP,activator
crp,hofB,activator
crp,ppdD,activator
crp,galP,activator
crp,idnK,activator
crp,cspE,activator
crp,chbG,activator
crp,xylG,activator
crp,xylH,activator
crp,aldB,activator
crp,acnB,activator
crp,rseA,activator
crp,yfaE,activator
crp,gntT,activator
crp,gatA,activator
crp,gatB,activator
crp,gatC,activator
crp,gatD,activator
crp,gatY,activator
crp,modA,activator
crp,mpl,activator
crp,ulaB,activator
crp,ulaC,activator
crp,idnT,activator
crp,sgcA,activator
crp,sgcC,activator
crp,sgcX,activator
crp,gntP,activator
crp,caiE,activator
crp,gntK,activator
crp,gntU,activator
crp,uxaA,activator
crp,exuT,activator
crp,agaA,activator
crp,frlA,activator
crp,dctA,activator
crp,dgoA,activator
crp,dgoK,activator
crp,dgoT,activator
crp,gpsA,activator
crp,hpt,activator
crp,uxuB,activator
crp,uxuR,activator
crp,xylF,activator
crp,xylR,activator
crp,rmf,activator
crp,fadH,activator
crp,nanT,activator
crp,caiF,activator
crp,yahN,activator
crp,prpR,activator
crp,prpB,activator
crp,prpC,activator
crp,prpD,activator
crp,prpE,activator
crp,mhpR,activator
crp,mhpE,activator
crp,rihA,activator
crp,fiu,activator
crp,csgG,activator
crp,csgF,activator
crp,csgE,activator
crp,csgD,activator
crp,hlyE,activator
crp,abgR,activator
crp,feaR,activator
crp,paaA,activator
crp,paaB,activator
crp,paaC,activator
crp,paaD,activator
crp,paaE,activator
crp,paaF,activator
crp,paaG,activator
crp,paaH,activator
crp,paaI,activator
crp,paaJ,activator
crp,paaK,activator
crp,mokB,activator
crp,lsrK,activator
crp,lsrR,activator
crp,lsrA,activator
crp,lsrC,activator
crp,lsrD,activator
crp,lsrB,activator
crp,lsrF,activator
crp,lsrG,activator
crp,tam,activator
crp,rspB,activator
crp,rspA,activator
crp,uidC,activator
crp,gatZ,activator
crp,murP,activator
crp,hyfC,activator
crp,hyfD,activator
crp,hyfE,activator
crp,hyfF,activator
crp,hyfG,activator
crp,hyfH,activator
crp,hyfI,activator
crp,hyfJ,activator
crp,hyfR,activator
crp,focB,activator
crp,csiE,activator
crp,rseC,activator
crp,rseB,activator
crp,ygcW,activator
crp,yqeF,activator
crp,ygeW,activator
crp,glcC,activator
crp,aer,activator
crp,tdcG,activator
crp,tdcF,activator
crp,tdcE,activator
crp,kbaZ,activator
crp,agaV,activator
crp,agaW,activator
crp,nanK,activator
crp,nanE,activator
crp,aaeB,activator
crp,aaeA,activator
crp,aaeX,activator
crp,frlB,activator
crp,frlC,activator
crp,frlD,activator
crp,frlR,activator
crp,dgoR,activator
crp,dcuR,activator
crp,ulaA,activator
crp,ulaD,activator
crp,ulaE,activator
crp,ulaF,activator
crp,ytfK,activator
crp,idnR,activator
crp,idnO,activator
crp,idnD,activator
crp,yjhG,activator
crp,yjhH,activator
crp,yjhI,activator
crp,sgcR,activator
crp,sgcE,activator
crp,sgcQ,activator
crp,feaB,activator
crp,uxaC,activator
crp,srlA,activator
crp,dgoD,activator
crp,mhpA,activator
crp,mhpB,activator
crp,mhpC,activator
crp,mhpD,activator
crp,mhpF,activator
crp,sgcB,activator
crp,yeiW,activator
cadC,cadA,activator
cadC,cadB,activator
cadC,cadC,activator
nac,ackA,activator
nac,cysQ,activator
nac,bfr,activator
nac,bisC,activator
nac,cheA,activator
nac,moeA,activator
nac,cydA,activator
nac,dcp,activator
nac,gabT,activator
nac,hupA,activator
nac,icd,activator
nac,lepA,activator
nac,livH,activator
nac,lysA,activator
nac,map,activator
nac,metE,activator
nac,groS,activator
nac,oppA,activator
nac,osmB,activator
nac,pfkB,activator
nac,rfaH,activator
nac,rpmH,activator
nac,sdhC,activator
nac,gmk,activator
nac,ppdC,activator
nac,argO,activator
nac,yhaB,activator
nac,ilvL,activator
nac,tnaC,activator
nac,pyrL,activator
nac,leuL,activator
nac,wzzE,activator
nac,codA,activator
nac,codB,activator
nac,gabD,activator
nac,gabP,activator
nac,gspO,activator
nac,ahpC,activator
nac,dadA,activator
nac,msrA,activator
nac,marR,activator
nac,yigI,activator
nac,yigL,activator
nac,ibpA,activator
nac,wrbA,activator
nac,gadE,activator
nac,ydeE,activator
nac,yafD,activator
nac,yicJ,activator
nac,yidQ,activator
nac,cmtB,activator
nac,cmtA,activator
nac,yihD,activator
nac,yjaH,activator
nac,yjcB,activator
nac,yjcF,activator
nac,nrfF,activator
nac,nrfG,activator
nac,rfbC,activator
nac,bglX,activator
nac,yeiH,activator
nac,gspM,activator
nac,yhhQ,activator
nac,mdtE,activator
nac,yhjE,activator
nac,ygiL,activator
nac,yecD,activator
nac,yecE,activator
nac,ybgE,activator
nac,iaaA,activator
nac,yfiL,activator
nac,cycA,activator
nac,ycaK,activator
nac,kbaY,activator
nac,pitB,activator
nac,argU,activator
nac,selC,activator
nac,micC,activator
nac,torI,activator
nac,yafV,activator
nac,ivy,activator
nac,yagU,activator
nac,yaiS,activator
nac,yaiZ,activator
nac,allR,activator
nac,ybbW,activator
nac,ybcK,activator
nac,ybdK,activator
nac,dsbG,activator
nac,ybeQ,activator
nac,ybeR,activator
nac,ybeT,activator
nac,ybhD,activator
nac,ybhM,activator
nac,ybjP,activator
nac,ybjQ,activator
nac,ycaN,activator
nac,ycgX,activator
nac,dhaR,activator
nac,ycgV,activator
nac,ydaU,activator
nac,ynaK,activator
nac,ydcI,activator
nac,ydcS,activator
nac,ydcT,activator
nac,ydcU,activator
nac,ydcV,activator
nac,yneK,activator
nac,ynfB,activator
nac,ynfG,activator
nac,ydiL,activator
nac,ynjF,activator
nac,yobF,activator
nac,yobA,activator
nac,wcaF,activator
nac,wcaE,activator
nac,yegH,activator
nac,yfbL,activator
nac,yfdV,activator
nac,yfeK,activator
nac,yfgG,activator
nac,hcaR,activator
nac,ileY,activator
nac,yqeH,activator
nac,yqeJ,activator
nac,yqeK,activator
nac,yghG,activator
nac,ygjH,activator
nac,yhbX,activator
nac,yhcC,activator
nac,nanK,activator
nac,yrhB,activator
nac,insK,activator
nac,ytfB,activator
nac,ytfJ,activator
nac,yjgM,activator
nac,hcaE,activator
hns,hisM,activator
hns,entF,activator
hns,fepE,activator
hns,fes,activator
hns,fimA,activator
hns,fimC,activator
hns,fimD,activator
hns,fimF,activator
hns,fimG,activator
hns,fimH,activator
hns,flhC,activator
hns,flhD,activator
hns,fliC,activator
hns,gabT,activator
hns,hisP,activator
hns,malE,activator
hns,malF,activator
hns,malG,activator
hns,mukB,activator
hns,relA,activator
hns,srlE,activator
hns,srlB,activator
hns,srlD,activator
hns,gutM,activator
hns,gutQ,activator
hns,srlR,activator
hns,cspD,activator
hns,mukE,activator
hns,gabD,activator
hns,gabP,activator
hns,fliA,activator
hns,fliZ,activator
hns,fimI,activator
hns,hisJ,activator
hns,hisQ,activator
hns,mukF,activator
hns,csiE,activator
hns,srlA,activator
hns,ybdZ,activator
soxS,aldA,activator
soxS,cadA,activator
soxS,dapD,activator
soxS,fldA,activator
soxS,fumC,activator
soxS,fur,activator
soxS,map,activator
soxS,fpr,activator
soxS,nfo,activator
soxS,pgi,activator
soxS,poxB,activator
soxS,ptsG,activator
soxS,rimK,activator
soxS,sodA,activator
soxS,tolC,activator
soxS,ygiB,activator
soxS,ygiC,activator
soxS,zwf,activator
soxS,nfsA,activator
soxS,acnA,activator
soxS,ribA,activator
soxS,glnD,activator
soxS,inaA,activator
soxS,marA,activator
soxS,marR,activator
soxS,marB,activator
soxS,acrA,activator
soxS,acrB,activator
soxS,mdaB,activator
soxS,fldB,activator
soxS,ybjC,activator
soxS,micF,activator
soxS,ybjN,activator
soxS,pqiA,activator
soxS,pqiB,activator
soxS,ompN,activator
soxS,ydbK,activator
soxS,yhbW,activator
soxS,yrbL,activator
oxyR,fur,activator
oxyR,gor,activator
oxyR,grxA,activator
oxyR,hemH,activator
oxyR,katG,activator
oxyR,metE,activator
oxyR,metR,activator
oxyR,poxB,activator
oxyR,xthA,activator
oxyR,sufA,activator
oxyR,ahpC,activator
oxyR,ahpF,activator
oxyR,dps,activator
oxyR,trxC,activator
oxyR,hemF,activator
oxyR,znuB,activator
oxyR,oxyS,activator
oxyR,dsbG,activator
oxyR,hcr,activator
oxyR,hcp,activator
oxyR,sufE,activator
oxyR,sufS,activator
oxyR,sufD,activator
oxyR,sufC,activator
oxyR,sufB,activator
oxyR,znuA,activator
oxyR,znuC,activator
oxyR,mntH,activator
oxyR,yjjZ,activator
phoB,amn,activator
phoB,argP,activator
phoB,ompF,activator
phoB,phnC,activator
phoB,phnD,activator
phoB,phnF,activator
phoB,phnG,activator
phoB,phnH,activator
phoB,phnI,activator
phoB,phnJ,activator
phoB,phnK,activator
phoB,phnL,activator
phoB,phnM,activator
phoB,phnN,activator
phoB,phnO,activator
phoB,phnP,activator
phoB,phoA,activator
phoB,phoB,activator
phoB,phoE,activator
phoB,phoQ,activator
phoB,phoR,activator
phoB,pstS,activator
phoB,phoU,activator
phoB,pstA,activator
phoB,pstB,activator
phoB,pstC,activator
phoB,psiF,activator
phoB,phoH,activator
phoB,tktB,activator
phoB,gadW,activator
phoB,gadX,activator
phoB,cusA,activator
phoB,adiC,activator
phoB,cusS,activator
phoB,cusR,activator
phoB,cusC,activator
phoB,cusF,activator
phoB,cusB,activator
phoB,asr,activator
phoB,mipA,activator
phoB,yegH,activator
phoB,ytfK,activator
cysB,cysA,activator
cysB,cysC,activator
cysB,cysD,activator
cysB,cysH,activator
cysB,cysI,activator
cysB,cysJ,activator
cysB,cysK,activator
cysB,cysM,activator
cysB,cysN,activator
cysB,cysP,activator
cysB,cysU,activator
cysB,cysW,activator
cysB,tauD,activator
cysB,tauA,activator
cysB,tauB,activator
cysB,tauC,activator
cysB,ybdN,activator
cysB,yciW,activator
cysB,yoaC,activator
cysB,cbl,activator
cysB,yfbR,activator
cysB,ygeH,activator
rcsB,ftsA,activator
rcsB,ftsZ,activator
rcsB,osmB,activator
rcsB,osmC,activator
rcsB,hdeA,activator
rcsB,hdeB,activator
rcsB,yhiD,activator
rcsB,gadB,activator
rcsB,hdeD,activator
rcsB,sra,activator
rcsB,rpoE,activator
rcsB,rseA,activator
rcsB,rarA,activator
rcsB,rprA,activator
rcsB,gadY,activator
rcsB,lolA,activator
rcsB,bdm,activator
rcsB,gadC,activator
rcsB,ydeO,activator
rcsB,ydeP,activator
rcsB,rseC,activator
rcsB,rseB,activator
lrhA,fimE,activator
lrhA,leuO,activator
lrhA,lrhA,activator
arcA,dcuB,activator
arcA,cydC,activator
arcA,ackA,activator
arcA,appA,activator
arcA,appY,activator
arcA,arcA,activator
arcA,argR,activator
arcA,carA,activator
arcA,moeA,activator
arcA,moeB,activator
arcA,cydA,activator
arcA,cydB,activator
arcA,dppA,activator
arcA,fumB,activator
arcA,hemA,activator
arcA,hyaA,activator
arcA,hyaB,activator
arcA,hyaC,activator
arcA,hyaD,activator
arcA,hyaE,activator
arcA,hyaF,activator
arcA,manA,activator
arcA,pflB,activator
arcA,pldA,activator
arcA,pncB,activator
arcA,pntA,activator
arcA,prfA,activator
arcA,rho,activator
arcA,dcuA,activator
arcA,appB,activator
arcA,appC,activator
arcA,dsbB,activator
arcA,treC,activator
arcA,cydD,activator
arcA,ybfA,activator
arcA,gadE,activator
arcA,caiD,activator
arcA,caiC,activator
arcA,caiB,activator
arcA,caiA,activator
arcA,caiT,activator
arcA,yfiF,activator
arcA,nupC,activator
arcA,treB,activator
arcA,gadX,activator
arcA,prmC,activator
arcA,caiE,activator
arcA,sstT,activator
arcA,xylR,activator
arcA,micF,activator
arcA,acpP,activator
arcA,gadA,activator
arcA,gcvB,activator
arcA,ybdN,activator
arcA,dcuC,activator
arcA,rstA,activator
arcA,yhgE,activator
nhaR,nhaA,activator
nhaR,osmC,activator
nhaR,nhaR,activator
lrp,aceB,activator
lrp,argT,activator
lrp,asnA,activator
lrp,asnB,activator
lrp,aspC,activator
lrp,cadA,activator
lrp,cadB,activator
lrp,clpP,activator
lrp,eno,activator
lrp,exbB,activator
lrp,fadL,activator
lrp,fimA,activator
lrp,fimC,activator
lrp,fimD,activator
lrp,fimE,activator
lrp,fimF,activator
lrp,fimG,activator
lrp,fimH,activator
lrp,fumA,activator
lrp,gabT,activator
lrp,gcvH,activator
lrp,glnA,activator
lrp,glnH,activator
lrp,glnL,activator
lrp,glnQ,activator
lrp,gltB,activator
lrp,gltD,activator
lrp,malT,activator
lrp,ompT,activator
lrp,phoA,activator
lrp,pntA,activator
lrp,pyrI,activator
lrp,relA,activator
lrp,serB,activator
lrp,ytjB,activator
lrp,soxS,activator
lrp,sulA,activator
lrp,tdh,activator
lrp,argO,activator
lrp,yhhA,activator
lrp,leuL,activator
lrp,lipA,activator
lrp,gabD,activator
lrp,gabP,activator
lrp,ubiA,activator
lrp,rhtB,activator
lrp,gltF,activator
lrp,ibpA,activator
lrp,ibpB,activator
lrp,stpA,activator
lrp,proP,activator
lrp,slyX,activator
lrp,yicH,activator
lrp,phoH,activator
lrp,rsd,activator
lrp,purT,activator
lrp,gcvP,activator
lrp,rpiB,activator
lrp,menA,activator
lrp,yjbR,activator
lrp,yibL,activator
lrp,zntR,activator
lrp,yhdN,activator
lrp,htrE,activator
lrp,fimI,activator
lrp,yeiL,activator
lrp,yojI,activator
lrp,lrhA,activator
lrp,glnK,activator
lrp,chbG,activator
lrp,yhjE,activator
lrp,yhjJ,activator
lrp,yhjR,activator
lrp,eptB,activator
lrp,can,activator
lrp,rseA,activator
lrp,ybiI,activator
lrp,modA,activator
lrp,ycfJ,activator
lrp,yacL,activator
lrp,yabQ,activator
lrp,yhdW,activator
lrp,gadY,activator
lrp,ldhA,activator
lrp,yaaX,activator
lrp,yaeQ,activator
lrp,yagU,activator
lrp,ykgE,activator
lrp,yaiY,activator
lrp,borD,activator
lrp,ybdF,activator
lrp,zitB,activator
lrp,ybjX,activator
lrp,clpS,activator
lrp,lolC,activator
lrp,yciT,activator
lrp,ydcK,activator
lrp,ydcL,activator
lrp,ydeN,activator
lrp,ydgH,activator
lrp,ydhQ,activator
lrp,ynjH,activator
lrp,yeaG,activator
lrp,yoaH,activator
lrp,cbl,activator
lrp,nac,activator
lrp,yfaP,activator
lrp,zipA,activator
lrp,yqeF,activator
lrp,yhdV,activator
lrp,yzgL,activator
lrp,yjeH,activator
lrp,yjfP,activator
lrp,yibT,activator
hyfR,hyfA,activator
hyfR,hyfB,activator
hyfR,hyfC,activator
hyfR,hyfD,activator
hyfR,hyfE,activator
hyfR,hyfF,activator
hyfR,hyfG,activator
hyfR,hyfH,activator
hyfR,hyfI,activator
hyfR,hyfJ,activator
hyfR,hyfR,activator
hyfR,focB,activator
fhlA,fdhF,activator
fhlA,fhlA,activator
fhlA,hycA,activator
fhlA,hycB,activator
fhlA,hycC,activator
fhlA,hycD,activator
fhlA,hycE,activator
fhlA,hycF,activator
fhlA,hycG,activator
fhlA,hycH,activator
fhlA,hypA,activator
fhlA,hypB,activator
fhlA,hypC,activator
fhlA,hypD,activator
fhlA,hypE,activator
fhlA,hyfA,activator
fhlA,hyfB,activator
fhlA,hypF,activator
fhlA,hydN,activator
fhlA,hyfC,activator
fhlA,hyfD,activator
fhlA,hyfE,activator
fhlA,hyfF,activator
fhlA,hyfG,activator
fhlA,hyfH,activator
fhlA,hyfI,activator
fhlA,hyfJ,activator
fhlA,hyfR,activator
fhlA,focB,activator
fhlA,hycI,activator
pspF,pspA,activator
pspF,pspB,activator
pspF,pspC,activator
pspF,pspD,activator
pspF,pspE,activator
marA,aldA,activator
marA,dapD,activator
marA,fumC,activator
marA,map,activator
marA,fpr,activator
marA,nfo,activator
marA,poxB,activator
marA,putA,activator
marA,rimK,activator
marA,sodA,activator
marA,tolC,activator
marA,xseA,activator
marA,ygiB,activator
marA,ygiC,activator
marA,zwf,activator
marA,nfsA,activator
marA,acnA,activator
marA,glnD,activator
marA,inaA,activator
marA,marA,activator
marA,marR,activator
marA,marB,activator
marA,acrA,activator
marA,acrB,activator
marA,mdaB,activator
marA,ybjC,activator
marA,micF,activator
marA,ybjN,activator
marA,pqiA,activator
marA,pqiB,activator
marA,ycgZ,activator
marA,ymgA,activator
marA,ymgC,activator
marA,yncE,activator
marA,yhbW,activator
iscR,sufA,activator
iscR,nrdF,activator
iscR,nrdE,activator
iscR,sufE,activator
iscR,sufS,activator
iscR,sufD,activator
iscR,sufC,activator
iscR,sufB,activator
iscR,nrdH,activator
iscR,nrdI,activator
glcC,glcB,activator
glcC,glcF,activator
glcC,glcG,activator
glcC,glcE,activator
glcC,glcD,activator
gadX,asnB,activator
gadX,cadA,activator
gadX,cadB,activator
gadX,hns,activator
gadX,rpoS,activator
gadX,lon,activator
gadX,uspE,activator
gadX,gadB,activator
gadX,hdeD,activator
gadX,gadE,activator
gadX,amtB,activator
gadX,slp,activator
gadX,glnK,activator
gadX,mdtE,activator
gadX,mdtF,activator
gadX,gadX,activator
gadX,gadA,activator
gadX,gadY,activator
gadX,ybaT,activator
gadX,gadC,activator
gadW,gadE,activator
gadW,mdtE,activator
gadW,mdtF,activator
mhpR,mhpE,activator
mhpR,mhpA,activator
mhpR,mhpB,activator
mhpR,mhpC,activator
mhpR,mhpD,activator
mhpR,mhpF,activator
rtcR,rtcA,activator
rtcR,rtcB,activator
phoP,cysB,activator
phoP,fadL,activator
phoP,glgA,activator
phoP,glgB,activator
phoP,glgC,activator
phoP,glgP,activator
phoP,glgX,activator
phoP,hemL,activator
phoP,metB,activator
phoP,metL,activator
phoP,nagA,activator
phoP,ompT,activator
phoP,purD,activator
phoP,purH,activator
phoP,tolC,activator
phoP,ygiB,activator
phoP,ygiC,activator
phoP,rstB,activator
phoP,malS,activator
phoP,hdeA,activator
phoP,hdeB,activator
phoP,yhiD,activator
phoP,hdeD,activator
phoP,gadE,activator
phoP,gadW,activator
phoP,mgtA,activator
phoP,borD,activator
phoP,ybjG,activator
phoP,rstA,activator
phoP,yrbL,activator
narL,cydC,activator
narL,moeA,activator
narL,moeB,activator
narL,cysG,activator
narL,narG,activator
narL,narH,activator
narL,narI,activator
narL,narJ,activator
narL,narK,activator
narL,nirB,activator
narL,nirC,activator
narL,nirD,activator
narL,ogt,activator
narL,poxB,activator
narL,fdnG,activator
narL,fdnH,activator
narL,fdnI,activator
narL,cydD,activator
narL,nuoM,activator
narL,nuoF,activator
narL,nuoA,activator
narL,nuoB,activator
narL,nuoC,activator
narL,nuoE,activator
narL,nuoG,activator
narL,nuoH,activator
narL,nuoI,activator
narL,nuoJ,activator
narL,nuoK,activator
narL,nuoL,activator
narL,nuoN,activator
narL,hcr,activator
narL,hcp,activator
narL,ydeP,activator
narL,yoaG,activator
narL,yeaR,activator
narL,ytfE,activator
narP,cysG,activator
narP,fdhF,activator
narP,nirB,activator
narP,nirC,activator
narP,nirD,activator
narP,poxB,activator
narP,nrfA,activator
narP,nrfB,activator
narP,nrfC,activator
narP,nrfD,activator
narP,nrfE,activator
narP,nrfF,activator
narP,nrfG,activator
narP,hcr,activator
narP,hcp,activator
narP,yoaG,activator
narP,yeaR,activator
narP,ytfE,activator
evgA,acrD,activator
evgA,gadE,activator
evgA,evgA,activator
evgA,evgS,activator
evgA,mdtE,activator
evgA,mdtF,activator
evgA,emrY,activator
evgA,ydeO,activator
evgA,ydeP,activator
evgA,yegR,activator
evgA,emrK,activator
evgA,yfdE,activator
evgA,yfdV,activator
evgA,oxc,activator
evgA,frc,activator
evgA,yfdX,activator
argR,aroP,activator
argR,gltP,activator
argR,yffB,activator
argR,yaaU,activator
argR,puuB,activator
argR,ykgA,activator
argR,astE,activator
argR,astB,activator
argR,astD,activator
argR,astA,activator
argR,astC,activator
argR,yraQ,activator
envY,ompC,activator
envY,ompF,activator
fadR,accD,activator
fadR,fabA,activator
fadR,fabB,activator
fadR,accB,activator
fadR,accC,activator
fadR,fabH,activator
fadR,fadR,activator
fadR,iclR,activator
fadR,fabD,activator
fadR,fabG,activator
fadR,fabI,activator
fadR,accA,activator
sdiA,rsd,activator
sdiA,gadW,activator
sdiA,rmf,activator
sdiA,gadY,activator
dnaA,polA,activator
nagC,fimB,activator
norR,norW,activator
norR,norV,activator
cusR,cyoA,activator
cusR,cyoB,activator
cusR,cyoC,activator
cusR,cyoD,activator
cusR,cyoE,activator
cusR,cusA,activator
cusR,cusS,activator
cusR,cusR,activator
cusR,cusC,activator
cusR,cusF,activator
cusR,cusB,activator
cdaR,garL,activator
cdaR,garK,activator
cdaR,garR,activator
cdaR,cdaR,activator
cdaR,garD,activator
cdaR,garP,activator
cdaR,rnpB,activator
cdaR,gudD,activator
cdaR,gudX,activator
cdaR,gudP,activator
gadE,cyoA,activator
gadE,cyoB,activator
gadE,cyoC,activator
gadE,cyoD,activator
gadE,cyoE,activator
gadE,lpxD,activator
gadE,fliC,activator
gadE,gltB,activator
gadE,gltD,activator
gadE,gnd,activator
gadE,lpxA,activator
gadE,lrp,activator
gadE,purA,activator
gadE,rcsA,activator
gadE,fabZ,activator
gadE,hdeA,activator
gadE,hdeB,activator
gadE,yhiD,activator
gadE,gadB,activator
gadE,hdeD,activator
gadE,gltF,activator
gadE,gadE,activator
gadE,yjbQ,activator
gadE,yjbR,activator
gadE,mdtE,activator
gadE,mdtF,activator
gadE,gadW,activator
gadE,gadX,activator
gadE,gadC,activator
gadE,yhiM,activator
idnR,idnK,activator
idnR,idnT,activator
idnR,idnR,activator
idnR,idnO,activator
idnR,idnD,activator
malT,lamB,activator
malT,malE,activator
malT,malF,activator
malT,malG,activator
malT,malK,activator
malT,malM,activator
malT,malP,activator
malT,malQ,activator
malT,malZ,activator
malT,malS,activator
pdhR,fecA,activator
pdhR,fecB,activator
pdhR,fecC,activator
pdhR,fecD,activator
pdhR,fecE,activator
hdfR,gltB,activator
hdfR,gltD,activator
hdfR,gltF,activator
slyA,leuO,activator
slyA,gspO,activator
slyA,rsd,activator
slyA,gspM,activator
slyA,rmf,activator
slyA,hlyE,activator
slyA,paaA,activator
slyA,paaB,activator
slyA,paaC,activator
slyA,paaD,activator
slyA,paaE,activator
slyA,paaF,activator
slyA,paaG,activator
slyA,paaH,activator
slyA,paaI,activator
slyA,paaJ,activator
slyA,paaK,activator
slyA,slyA,activator
slyA,gspC,activator
slyA,gspD,activator
slyA,gspE,activator
slyA,gspF,activator
slyA,gspG,activator
slyA,gspH,activator
slyA,gspI,activator
slyA,gspJ,activator
slyA,gspK,activator
slyA,gspL,activator
slyA,yjiN,activator
qseB,fimA,activator
qseB,fimC,activator
qseB,fimD,activator
qseB,fimF,activator
qseB,fimG,activator
qseB,fimH,activator
qseB,flhC,activator
qseB,flhD,activator
qseB,fimI,activator
qseB,qseC,activator
qseB,qseB,activator
ydeO,appA,activator
ydeO,hyaA,activator
ydeO,hyaB,activator
ydeO,hyaC,activator
ydeO,hyaD,activator
ydeO,hyaE,activator
ydeO,hyaF,activator
ydeO,nhaR,activator
ydeO,appB,activator
ydeO,appC,activator
ydeO,gadE,activator
ydeO,yiiS,activator
ydeO,slp,activator
ydeO,mdtE,activator
ydeO,mdtF,activator
ydeO,gadW,activator
araC,araE,activator
araC,araF,activator
araC,araG,activator
araC,araH,activator
araC,araJ,activator
araC,ygeA,activator
rhaS,rhaD,activator
rhaS,rhaA,activator
rhaS,rhaB,activator
gcvA,gcvB,activator
torR,tnaA,activator
torR,tnaB,activator
torR,tnaC,activator
torR,hdeA,activator
torR,hdeB,activator
torR,yhiD,activator
torR,torA,activator
torR,torC,activator
torR,torD,activator
nanR,fimB,activator
ada,alkA,activator
ada,aidB,activator
metR,hmp,activator
metR,metE,activator
metR,metH,activator
rhaR,rhaR,activator
rhaR,rhaS,activator
ilvY,ilvC,activator
alpA,intA,activator
appY,appA,activator
appY,hyaA,activator
appY,hyaB,activator
appY,hyaC,activator
appY,hyaD,activator
appY,hyaE,activator
appY,hyaF,activator
appY,appB,activator
appY,appC,activator
asnC,asnA,activator
atoC,atoD,activator
atoC,atoA,activator
atoC,atoE,activator
atoC,atoB,activator
cspA,gyrA,activator
cspA,hns,activator
cynR,cynS,activator
cynR,cynT,activator
cynR,cynX,activator
dsdC,dsdA,activator
dsdC,dsdX,activator
fucR,fucA,activator
fucR,fucI,activator
fucR,fucK,activator
fucR,fucO,activator
fucR,fucP,activator
fucR,fucR,activator
fucR,fucU,activator
gutM,srlE,activator
gutM,srlB,activator
gutM,srlD,activator
gutM,gutM,activator
gutM,gutQ,activator
gutM,srlR,activator
gutM,srlA,activator
leuO,bglB,activator
leuO,bglF,activator
leuO,bglG,activator
leuO,leuA,activator
leuO,leuL,activator
leuO,leuD,activator
leuO,leuC,activator
leuO,leuB,activator
leuO,yjjQ,activator
leuO,bglJ,activator
lysR,lysA,activator
rbsR,add,activator
rbsR,dcd,activator
rbsR,udk,activator
soxR,aroF,activator
soxR,fumC,activator
soxR,sodA,activator
soxR,soxS,activator
soxR,tyrA,activator
soxR,yjcB,activator
soxR,yrbL,activator
tdcA,tdcA,activator
tdcA,tdcB,activator
tdcA,tdcC,activator
tdcA,tdcD,activator
tdcA,tdcG,activator
tdcA,tdcF,activator
tdcA,tdcE,activator
tdcR,tdcA,activator
tdcR,tdcB,activator
tdcR,tdcC,activator
tdcR,tdcD,activator
tdcR,tdcG,activator
tdcR,tdcF,activator
tdcR,tdcE,activator
csgD,nlpA,activator
csgD,csgA,activator
csgD,wrbA,activator
csgD,yccJ,activator
csgD,yccT,activator
csgD,csgG,activator
csgD,csgF,activator
csgD,csgE,activator
csgD,csgD,activator
csgD,csgB,activator
csgD,csgC,activator
yeiL,yeiL,activator
cbl,ssuB,activator
cbl,tauD,activator
cbl,tauA,activator
cbl,tauB,activator
cbl,tauC,activator
cbl,ssuC,activator
cbl,ssuD,activator
cbl,ssuA,activator
cbl,ssuE,activator
xapR,xapB,activator
xapR,xapA,activator
xylR,xylA,activator
xylR,xylB,activator
xylR,xylE,activator
xylR,xylG,activator
xylR,xylH,activator
xylR,xylF,activator
xylR,xylR,activator
caiF,caiD,activator
caiF,caiC,activator
caiF,caiB,activator
caiF,caiA,activator
caiF,caiT,activator
caiF,fixA,activator
caiF,fixB,activator
caiF,fixC,activator
caiF,fixX,activator
caiF,caiE,activator
zraR,zraS,activator
zraR,acrE,activator
zraR,glnA,activator
zraR,glnH,activator
zraR,zraR,activator
zraR,pnp,activator
zraR,rfaD,activator
zraR,rpoH,activator
zraR,sspA,activator
zraR,tnaA,activator
zraR,tnaB,activator
zraR,fliA,activator
zraR,mdtL,activator
zraR,zraP,activator
zraR,cspB,activator
zraR,gadW,activator
zraR,exuR,activator
zraR,yhdW,activator
zraR,ssrA,activator
zraR,yrdD,activator
zraR,yhhY,activator
zraR,cpxP,activator
zraR,yjjY,activator
adiY,gltB,activator
adiY,gltD,activator
adiY,gadB,activator
adiY,adiA,activator
adiY,gltF,activator
adiY,gadX,activator
adiY,gadA,activator
adiY,gadC,activator
prpR,prpB,activator
prpR,prpC,activator
prpR,prpD,activator
prpR,prpE,activator
hcaR,hcaC,activator
hcaR,hcaB,activator
hcaR,hcaD,activator
hcaR,hcaE,activator
hcaR,hcaF,activator
baeR,acrD,activator
baeR,ycaC,activator
baeR,baeS,activator
baeR,baeR,activator
baeR,mdtD,activator
baeR,spy,activator
baeR,mdtA,activator
baeR,mdtB,activator
baeR,mdtC,activator
dhaR,dhaL,activator
dhaR,dhaK,activator
feaR,tynA,activator
feaR,feaB,activator
dicA,dicA,activator
bolA,fimH,activator
bolA,csgA,activator
bolA,csgG,activator
bolA,csgF,activator
bolA,csgE,activator
bolA,csgD,activator
sgrR,setA,activator
sgrR,sgrS,activator
rstA,narG,activator
rstA,narH,activator
rstA,narI,activator
rstA,narJ,activator
rstA,asr,activator
stpA,malE,activator
stpA,malF,activator
stpA,malG,activator
creB,ackA,activator
creB,creD,activator
creB,parE,activator
creB,recG,activator
creB,cbrA,activator
creB,talA,activator
creB,nudF,activator
creB,pta,activator
creB,yqiA,activator
creB,cpdA,activator
creB,yqiB,activator
yqhC,yqhD,activator
yqhC,dkgA,activator
mlrA,cadC,activator
mlrA,yhbE,activator
mlrA,rplU,activator
mlrA,rpmA,activator
mlrA,csgG,activator
mlrA,csgF,activator
mlrA,csgE,activator
mlrA,csgD,activator
mlrA,obgE,activator
basR,dgkA,activator
basR,fimB,activator
basR,hha,activator
basR,eptA,activator
basR,qseC,activator
basR,csgG,activator
basR,csgF,activator
basR,csgE,activator
basR,csgD,activator
basR,cspI,activator
basR,arnT,activator
basR,qseB,activator
uvrY,uhpT,activator
uvrY,luxS,activator
uvrY,csrB,activator
uvrY,csrC,activator
uvrY,ydeP,activator
yhaJ,ybiJ,activator
yhaJ,yqjF,activator
yhaJ,yhaJ,activator
yhaJ,yhaK,activator
yhaJ,yhaL,activator
yhaJ,yhhW,activator
glnG,hisM,activator
glnG,argT,activator
glnG,hisP,activator
glnG,relA,activator
glnG,potF,activator
glnG,potG,activator
glnG,potH,activator
glnG,potI,activator
glnG,amtB,activator
glnG,rpoE,activator
glnG,hisJ,activator
glnG,hisQ,activator
glnG,glnK,activator
glnG,rseA,activator
glnG,yhdW,activator
glnG,yhdX,activator
glnG,yhdY,activator
glnG,yhdZ,activator
glnG,ddpF,activator
glnG,ddpD,activator
glnG,ddpC,activator
glnG,ddpB,activator
glnG,ddpA,activator
glnG,ddpX,activator
glnG,astE,activator
glnG,astB,activator
glnG,astD,activator
glnG,astA,activator
glnG,astC,activator
glnG,yeaG,activator
glnG,yeaH,activator
glnG,cbl,activator
glnG,nac,activator
glnG,rseC,activator
glnG,rseB,activator
ompR,ompC,activator
ompR,tolC,activator
ompR,pdhR,activator
ompR,tsgA,activator
ompR,rob,activator
ompR,feoA,activator
ompR,feoB,activator
ompR,acrR,activator
ompR,ompX,activator
ompR,rhtA,activator
ompR,narU,activator
ompR,sstT,activator
ompR,micF,activator
ompR,fadE,activator
ompR,csgG,activator
ompR,csgF,activator
ompR,csgE,activator
ompR,csgD,activator
fur,fumB,activator
fur,katE,activator
fur,katG,activator
fur,ompF,activator
fur,sdhA,activator
fur,sdhB,activator
fur,sdhC,activator
fur,sdhD,activator
fur,sucA,activator
fur,sucB,activator
fur,sucC,activator
fur,sucD,activator
fur,ompW,activator
dcuR,dcuB,activator
dcuR,aspA,activator
dcuR,frdA,activator
dcuR,frdB,activator
dcuR,frdC,activator
dcuR,frdD,activator
dcuR,fumB,activator
dcuR,pck,activator
dcuR,dcuA,activator
dcuR,dctA,activator
kdpE,kdpA,activator
kdpE,kdpB,activator
kdpE,kdpC,activator
kdpE,kdpF,activator
uhpA,uhpT,activator
cueR,cueO,activator
cueR,copA,activator
ydcI,isrC,activator
ydcI,flu,activator
zntR,zntA,activator
aaeR,aaeB,activator
aaeR,aaeA,activator
aaeR,aaeX,activator
yfeC,yfeC,activator
yciT,ybiY,activator
fis,osmE,repressor
fis,ansB,repressor
fis,bglB,repressor
fis,bglF,repressor
fis,bglG,repressor
fis,crp,repressor
fis,cysG,repressor
fis,dmsA,repressor
fis,dmsB,repressor
fis,dmsC,repressor
fis,dnaA,repressor
fis,dnaN,repressor
fis,fis,repressor
fis,fumB,repressor
fis,glnQ,repressor
fis,gltX,repressor
fis,guaA,repressor
fis,guaB,repressor
fis,gyrA,repressor
fis,gyrB,repressor
fis,hupB,repressor
fis,hyaA,repressor
fis,hyaB,repressor
fis,hyaC,repressor
fis,hyaD,repressor
fis,hyaE,repressor
fis,hyaF,repressor
fis,katE,repressor
fis,mglA,repressor
fis,mglC,repressor
fis,mtlA,repressor
fis,mtlD,repressor
fis,nanA,repressor
fis,narG,repressor
fis,narH,repressor
fis,narI,repressor
fis,narJ,repressor
fis,narK,repressor
fis,nirB,repressor
fis,nirC,repressor
fis,nirD,repressor
fis,ogt,repressor
fis,pflB,repressor
fis,pyrD,repressor
fis,recF,repressor
fis,rplM,repressor
fis,rpsI,repressor
fis,dusB,repressor
fis,osmY,repressor
fis,dps,repressor
fis,msrA,repressor
fis,acs,repressor
fis,gadB,repressor
fis,nrfA,repressor
fis,actP,repressor
fis,yjcH,repressor
fis,nrfB,repressor
fis,nrfC,repressor
fis,nrfD,repressor
fis,nrfE,repressor
fis,nrfF,repressor
fis,nrfG,repressor
fis,mtlR,repressor
fis,cbpA,repressor
fis,cbpM,repressor
fis,gadX,repressor
fis,xylG,repressor
fis,xylH,repressor
fis,aldB,repressor
fis,acnB,repressor
fis,xylF,repressor
fis,xylR,repressor
fis,gadA,repressor
fis,nanT,repressor
fis,hlyE,repressor
fis,gadC,repressor
fis,cspI,repressor
fis,yoaG,repressor
fis,yeaR,repressor
fis,glcC,repressor
fis,nanK,repressor
fis,nanE,repressor
rob,fadA,repressor
rob,fadB,repressor
rob,fadL,repressor
rob,rob,repressor
rob,acs,repressor
rob,fadD,repressor
rob,actP,repressor
rob,yjcH,repressor
rob,yiaG,repressor
rob,astC,repressor
rob,elaB,repressor
rob,yhbO,repressor
tyrR,aroF,repressor
tyrR,aroG,repressor
tyrR,aroL,repressor
tyrR,aroM,repressor
tyrR,aroP,repressor
tyrR,tyrA,repressor
tyrR,tyrB,repressor
tyrR,tyrR,repressor
tyrR,yaiA,repressor
argP,argP,repressor
cpxR,cheA,repressor
cpxR,cheW,repressor
cpxR,motA,repressor
cpxR,motB,repressor
cpxR,ompF,repressor
cpxR,psd,repressor
cpxR,tsr,repressor
cpxR,ung,repressor
cpxR,csgA,repressor
cpxR,rpoE,repressor
cpxR,rseA,repressor
cpxR,csgG,repressor
cpxR,csgF,repressor
cpxR,csgE,repressor
cpxR,csgD,repressor
cpxR,csgB,repressor
cpxR,csgC,repressor
cpxR,rseC,repressor
cpxR,rseB,repressor
modE,modB,repressor
modE,modC,repressor
modE,deoA,repressor
modE,deoB,repressor
modE,deoC,repressor
modE,deoD,repressor
modE,dmsA,repressor
modE,dmsB,repressor
modE,dmsC,repressor
modE,oppA,repressor
modE,oppB,repressor
modE,oppC,repressor
modE,oppD,repressor
modE,oppF,repressor
modE,modA,repressor
fnr,aldA,repressor
fnr,moeA,repressor
fnr,moeB,repressor
fnr,cyoA,repressor
fnr,cyoB,repressor
fnr,cyoC,repressor
fnr,cyoD,repressor
fnr,cyoE,repressor
fnr,dppA,repressor
fnr,fumA,repressor
fnr,fumC,repressor
fnr,gltB,repressor
fnr,gltD,repressor
fnr,gnd,repressor
fnr,hemA,repressor
fnr,hmp,repressor
fnr,narL,repressor
fnr,narX,repressor
fnr,ndh,repressor
fnr,prfA,repressor
fnr,purM,repressor
fnr,purN,repressor
fnr,rplM,repressor
fnr,rplS,repressor
fnr,rplT,repressor
fnr,rpsI,repressor
fnr,rpsP,repressor
fnr,sdhA,repressor
fnr,sdhB,repressor
fnr,sdhC,repressor
fnr,sdhD,repressor
fnr,sodA,repressor
fnr,soxR,repressor
fnr,soxS,repressor
fnr,sucA,repressor
fnr,sucB,repressor
fnr,sucC,repressor
fnr,sucD,repressor
fnr,trmD,repressor
fnr,hyfA,repressor
fnr,rimM,repressor
fnr,zwf,repressor
fnr,ycaC,repressor
fnr,pheM,repressor
fnr,hyfB,repressor
fnr,ygbA,repressor
fnr,acnA,repressor
fnr,ubiC,repressor
fnr,ubiA,repressor
fnr,gltF,repressor
fnr,nuoM,repressor
fnr,nuoF,repressor
fnr,yeiL,repressor
fnr,nuoA,repressor
fnr,nuoB,repressor
fnr,nuoC,repressor
fnr,nuoE,repressor
fnr,nuoG,repressor
fnr,nuoH,repressor
fnr,nuoI,repressor
fnr,nuoJ,repressor
fnr,nuoK,repressor
fnr,nuoL,repressor
fnr,nuoN,repressor
fnr,ompX,repressor
fnr,gadW,repressor
fnr,gadX,repressor
fnr,prmC,repressor
fnr,norW,repressor
fnr,dppB,repressor
fnr,dppC,repressor
fnr,dppD,repressor
fnr,dppF,repressor
fnr,gadA,repressor
fnr,citG,repressor
fnr,citX,repressor
fnr,citF,repressor
fnr,citE,repressor
fnr,citD,repressor
fnr,citC,repressor
fnr,puuP,repressor
fnr,puuA,repressor
fnr,tpx,repressor
fnr,nac,repressor
fnr,hyfC,repressor
fnr,hyfD,repressor
fnr,hyfE,repressor
fnr,hyfF,repressor
fnr,hyfG,repressor
fnr,hyfH,repressor
fnr,hyfI,repressor
fnr,hyfJ,repressor
fnr,hyfR,repressor
fnr,focB,repressor
fnr,norV,repressor
fnr,ysgA,repressor
fnr,ytfE,repressor
crp,aceA,repressor
crp,aceB,repressor
crp,aceK,repressor
crp,puuC,repressor
crp,ampD,repressor
crp,ampE,repressor
crp,aroA,repressor
crp,cyaA,repressor
crp,cysG,repressor
crp,gcd,repressor
crp,gdhA,repressor
crp,gltB,repressor
crp,gltD,repressor
crp,hflC,repressor
crp,hflK,repressor
crp,hflX,repressor
crp,hfq,repressor
crp,infB,repressor
crp,rpoS,repressor
crp,metK,repressor
crp,nirB,repressor
crp,nirC,repressor
crp,nirD,repressor
crp,nusA,repressor
crp,pncB,repressor
crp,pnp,repressor
crp,putP,repressor
crp,rplM,repressor
crp,rpsI,repressor
crp,rpsO,repressor
crp,serC,repressor
crp,sodB,repressor
crp,sohB,repressor
crp,speC,repressor
crp,trxA,repressor
crp,xseA,repressor
crp,ompW,repressor
crp,truB,repressor
crp,rbfA,repressor
crp,osmY,repressor
crp,narQ,repressor
crp,gadB,repressor
crp,gltF,repressor
crp,gadE,repressor
crp,puuB,repressor
crp,nlpE,repressor
crp,mdtE,repressor
crp,mdtF,repressor
crp,gadX,repressor
crp,aegA,repressor
crp,puuR,repressor
crp,exuR,repressor
crp,metY,repressor
crp,spf,repressor
crp,gadA,repressor
crp,csrC,repressor
crp,yaeP,repressor
crp,rof,repressor
crp,yaeQ,repressor
crp,citG,repressor
crp,citX,repressor
crp,citF,repressor
crp,citE,repressor
crp,citD,repressor
crp,citC,repressor
crp,puuD,repressor
crp,puuE,repressor
crp,gadC,repressor
crp,aaeR,repressor
nac,ispB,repressor
nac,aceB,repressor
nac,amn,repressor
nac,ampD,repressor
nac,ansB,repressor
nac,araE,repressor
nac,araF,repressor
nac,aroD,repressor
nac,aroE,repressor
nac,aroF,repressor
nac,asnA,repressor
nac,asnC,repressor
nac,bglB,repressor
nac,cpdB,repressor
nac,cynT,repressor
nac,cysJ,repressor
nac,cysS,repressor
nac,dapB,repressor
nac,dcm,repressor
nac,ddlA,repressor
nac,dld,repressor
nac,dnaA,repressor
nac,mltD,repressor
nac,dppA,repressor
nac,acrE,repressor
nac,fepE,repressor
nac,fliC,repressor
nac,fucA,repressor
nac,gdhA,repressor
nac,glpK,repressor
nac,gltA,repressor
nac,gltB,repressor
nac,gltD,repressor
nac,gltP,repressor
nac,gor,repressor
nac,hemB,repressor
nac,hemH,repressor
nac,hfq,repressor
nac,htpG,repressor
nac,htpX,repressor
nac,ilvN,repressor
nac,intD,repressor
nac,katG,repressor
nac,kbl,repressor
nac,kdsA,repressor
nac,lepB,repressor
nac,leuO,repressor
nac,livK,repressor
nac,livM,repressor
nac,lrp,repressor
nac,lysR,repressor
nac,lysU,repressor
nac,malI,repressor
nac,malY,repressor
nac,mcrB,repressor
nac,metR,repressor
nac,mglA,repressor
nac,mglB,repressor
nac,mreC,repressor
nac,nanA,repressor
nac,narK,repressor
nac,narX,repressor
nac,nusA,repressor
nac,nusB,repressor
nac,ompA,repressor
nac,ompF,repressor
nac,ompR,repressor
nac,ompT,repressor
nac,oppC,repressor
nac,phoB,repressor
nac,pstS,repressor
nac,pldA,repressor
nac,pntA,repressor
nac,polA,repressor
nac,ppc,repressor
nac,ppiB,repressor
nac,pstC,repressor
nac,pyrB,repressor
nac,rcsA,repressor
nac,rep,repressor
nac,fliD,repressor
nac,rpoZ,repressor
nac,sdaA,repressor
nac,sdiA,repressor
nac,serA,repressor
nac,srlR,repressor
nac,sucA,repressor
nac,tdcA,repressor
nac,tdcR,repressor
nac,thrS,repressor
nac,tnaA,repressor
nac,tnaB,repressor
nac,tolB,repressor
nac,trxB,repressor
nac,uhpA,repressor
nac,sbcD,repressor
nac,yajD,repressor
nac,ybgC,repressor
nac,uvrY,repressor
nac,xapR,repressor
nac,ygdB,repressor
nac,mscL,repressor
nac,bfd,repressor
nac,mioC,repressor
nac,ydiB,repressor
nac,ycaC,repressor
nac,ycaD,repressor
nac,chpS,repressor
nac,ychA,repressor
nac,yifB,repressor
nac,dsbA,repressor
nac,ligB,repressor
nac,lysP,repressor
nac,mdtG,repressor
nac,amiB,repressor
nac,bglH,repressor
nac,ubiA,repressor
nac,uspA,repressor
nac,osmY,repressor
nac,cynR,repressor
nac,gcvT,repressor
nac,pabC,repressor
nac,holE,repressor
nac,yhcA,repressor
nac,ycgB,repressor
nac,ybfC,repressor
nac,cfa,repressor
nac,nadC,repressor
nac,greB,repressor
nac,ygiF,repressor
nac,evgA,repressor
nac,eptA,repressor
nac,eamA,repressor
nac,yafC,repressor
nac,yadC,repressor
nac,nudC,repressor
nac,yieE,repressor
nac,yieH,repressor
nac,cbrC,repressor
nac,yieP,repressor
nac,phoH,repressor
nac,rsd,repressor
nac,nfrB,repressor
nac,ybbC,repressor
nac,hofC,repressor
nac,torA,repressor
nac,mobA,repressor
nac,hemN,repressor
nac,yihL,repressor
nac,yihO,repressor
nac,yihQ,repressor
nac,yiiE,repressor
nac,yiiF,repressor
nac,fdoG,repressor
nac,fdhD,repressor
nac,yijO,repressor
nac,yjbB,repressor
nac,yjbQ,repressor
nac,yjcO,repressor
nac,htrE,repressor
nac,yehE,repressor
nac,yejB,repressor
nac,yejG,repressor
nac,ccmH,repressor
nac,ccmB,repressor
nac,ccmA,repressor
nac,napC,repressor
nac,napB,repressor
nac,secG,repressor
nac,yeiE,repressor
nac,prfC,repressor
nac,rhtA,repressor
nac,nlpE,repressor
nac,yaeF,repressor
nac,cobT,repressor
nac,ygaC,repressor
nac,yhiJ,repressor
nac,gadX,repressor
nac,yhjD,repressor
nac,yiaD,repressor
nac,yadM,repressor
nac,cdaR,repressor
nac,yfaE,repressor
nac,rfbB,repressor
nac,gatA,repressor
nac,prmB,repressor
nac,yjeM,repressor
nac,ybaL,repressor
nac,ygiN,repressor
nac,lpxH,repressor
nac,ygjI,repressor
nac,exuT,repressor
nac,yecF,repressor
nac,cobU,repressor
nac,asnT,repressor
nac,asnV,repressor
nac,leuU,repressor
nac,metY,repressor
nac,spf,repressor
nac,rplU,repressor
nac,ecnA,repressor
nac,tff,repressor
nac,yoeB,repressor
nac,ecnB,repressor
nac,caiF,repressor
nac,yafQ,repressor
nac,dinJ,repressor
nac,yafN,repressor
nac,yafO,repressor
nac,ykgL,repressor
nac,ykgE,repressor
nac,ykgH,repressor
nac,tauA,repressor
nac,yaiY,repressor
nac,thiL,repressor
nac,yajO,repressor
nac,glxK,repressor
nac,borD,repressor
nac,ybcV,repressor
nac,uspG,repressor
nac,ybdR,repressor
nac,nadD,repressor
nac,ybeU,repressor
nac,ybhH,repressor
nac,ybhI,repressor
nac,ybjX,repressor
nac,macA,repressor
nac,ssuE,repressor
nac,yccM,repressor
nac,ycgJ,repressor
nac,dhaK,repressor
nac,ymjA,repressor
nac,abgA,repressor
nac,abgR,repressor
nac,ydaT,repressor
nac,stfR,repressor
nac,tfaR,repressor
nac,pinR,repressor
nac,ompN,repressor
nac,ydcY,repressor
nac,ydcZ,repressor
nac,ansP,repressor
nac,ddpC,repressor
nac,ydeP,repressor
nac,ydeQ,repressor
nac,ydfK,repressor
nac,pinQ,repressor
nac,tfaQ,repressor
nac,ydfR,repressor
nac,ynfA,repressor
nac,ynfD,repressor
nac,ynfE,repressor
nac,ynfF,repressor
nac,ydgH,repressor
nac,ydiM,repressor
nac,ydiO,repressor
nac,ydiP,repressor
nac,ydiY,repressor
nac,yniB,repressor
nac,nudG,repressor
nac,ynjH,repressor
nac,kdgR,repressor
nac,yebQ,repressor
nac,yobB,repressor
nac,znuA,repressor
nac,yedL,repressor
nac,hchA,repressor
nac,shiA,repressor
nac,nac,repressor
nac,yeeZ,repressor
nac,ugd,repressor
nac,wzc,repressor
nac,wzb,repressor
nac,wza,repressor
nac,yegL,repressor
nac,yegR,repressor
nac,yfbK,repressor
nac,yfbV,repressor
nac,yfcO,repressor
nac,yfcP,repressor
nac,emrK,repressor
nac,yfdE,repressor
nac,mntH,repressor
nac,pdxK,repressor
nac,yfeS,repressor
nac,yfgH,repressor
nac,csiE,repressor
nac,yfhL,repressor
nac,yfiR,repressor
nac,yfjI,repressor
nac,ygaV,repressor
nac,ygaP,repressor
nac,ygaM,repressor
nac,ygaZ,repressor
nac,pphB,repressor
nac,ispD,repressor
nac,ygcO,repressor
nac,ygcP,repressor
nac,ygcS,repressor
nac,ygcE,repressor
nac,gudX,repressor
nac,ygdR,repressor
nac,kduI,repressor
nac,ygeG,repressor
nac,xdhA,repressor
nac,yqeB,repressor
nac,ygfI,repressor
nac,yggP,repressor
nac,yghS,repressor
nac,yghT,repressor
nac,dkgA,repressor
nac,ygiZ,repressor
nac,yhaI,repressor
nac,yraH,repressor
nac,yhcD,repressor
nac,yhdV,repressor
nac,gspG,repressor
nac,gspH,repressor
nac,yhfL,repressor
nac,yhfZ,repressor
nac,yhhZ,repressor
nac,yjeH,repressor
nac,yjeJ,repressor
nac,blc,repressor
nac,yjfZ,repressor
nac,fklB,repressor
nac,ytfK,repressor
nac,ytfP,repressor
nac,yjgH,repressor
nac,yjgN,repressor
nac,yjhI,repressor
nac,fhuF,repressor
nac,feaB,repressor
nac,uxaC,repressor
nac,nrdG,repressor
nac,yohO,repressor
hns,garL,repressor
hns,appY,repressor
hns,bglB,repressor
hns,bglF,repressor
hns,bglG,repressor
hns,bolA,repressor
hns,cadA,repressor
hns,cadB,repressor
hns,cadC,repressor
hns,cspA,repressor
hns,cydA,repressor
hns,cydB,repressor
hns,cysA,repressor
hns,cysG,repressor
hns,cysM,repressor
hns,cysP,repressor
hns,cysU,repressor
hns,cysW,repressor
hns,acrE,repressor
hns,acrF,repressor
hns,fimB,repressor
hns,fimE,repressor
hns,galE,repressor
hns,galK,repressor
hns,galT,repressor
hns,hns,repressor
hns,degP,repressor
hns,ilvH,repressor
hns,ilvI,repressor
hns,lacA,repressor
hns,lacY,repressor
hns,lacZ,repressor
hns,leuO,repressor
hns,lrp,repressor
hns,nhaA,repressor
hns,nirB,repressor
hns,nirC,repressor
hns,nirD,repressor
hns,nrdA,repressor
hns,nrdB,repressor
hns,osmC,repressor
hns,proV,repressor
hns,proW,repressor
hns,proX,repressor
hns,rcsA,repressor
hns,rcsB,repressor
hns,nhaR,repressor
hns,yciE,repressor
hns,yciF,repressor
hns,yciG,repressor
hns,garK,repressor
hns,garR,repressor
hns,chiA,repressor
hns,gspO,repressor
hns,hdeA,repressor
hns,hdeB,repressor
hns,yhiD,repressor
hns,dps,repressor
hns,nrdD,repressor
hns,hdfR,repressor
hns,hdeD,repressor
hns,adiA,repressor
hns,gadE,repressor
hns,stpA,repressor
hns,caiD,repressor
hns,caiC,repressor
hns,caiB,repressor
hns,caiA,repressor
hns,caiT,repressor
hns,evgA,repressor
hns,evgS,repressor
hns,galM,repressor
hns,slp,repressor
hns,adiY,repressor
hns,gspM,repressor
hns,mdtE,repressor
hns,mdtF,repressor
hns,gadW,repressor
hns,gadX,repressor
hns,yfaE,repressor
hns,rcsD,repressor
hns,caiE,repressor
hns,garP,repressor
hns,alaU,repressor
hns,alaV,repressor
hns,gltT,repressor
hns,gltU,repressor
hns,gltW,repressor
hns,ileU,repressor
hns,ileV,repressor
hns,micF,repressor
hns,rnpB,repressor
hns,rrfB,repressor
hns,rrfC,repressor
hns,rrfD,repressor
hns,rrfG,repressor
hns,rrfH,repressor
hns,rrlB,repressor
hns,rrlC,repressor
hns,rrlD,repressor
hns,rrlG,repressor
hns,rrlH,repressor
hns,rrsB,repressor
hns,rrsC,repressor
hns,rrsD,repressor
hns,rrsG,repressor
hns,rrsH,repressor
hns,rrfF,repressor
hns,ssrS,repressor
hns,thrV,repressor
hns,gadA,repressor
hns,caiF,repressor
hns,csgG,repressor
hns,csgF,repressor
hns,csgE,repressor
hns,csgD,repressor
hns,ydeO,repressor
hns,ydeP,repressor
hns,asr,repressor
hns,mdtI,repressor
hns,mdtJ,repressor
hns,hchA,repressor
hns,gspA,repressor
hns,gspC,repressor
hns,gspD,repressor
hns,gspE,repressor
hns,gspF,repressor
hns,gspG,repressor
hns,gspH,repressor
hns,gspI,repressor
hns,gspJ,repressor
hns,gspK,repressor
hns,gspL,repressor
hns,yjjP,repressor
hns,yjjQ,repressor
hns,bglJ,repressor
hns,nrdG,repressor
hns,yhiM,repressor
soxS,soxS,repressor
soxS,ompW,repressor
soxS,rob,repressor
oxyR,oxyR,repressor
oxyR,rimK,repressor
oxyR,uxuA,repressor
oxyR,nfsA,repressor
oxyR,ychF,repressor
oxyR,gntP,repressor
oxyR,ybjC,repressor
oxyR,uxuB,repressor
oxyR,isrC,repressor
oxyR,ybjN,repressor
oxyR,flu,repressor
oxyR,fhuF,repressor
phoB,eda,repressor
phoB,sbcC,repressor
phoB,sbcD,repressor
phoB,pitB,repressor
phoB,prpR,repressor
phoB,feaR,repressor
cysB,cysB,repressor
cysB,ssuB,repressor
cysB,ssuC,repressor
cysB,ssuD,repressor
cysB,ssuA,repressor
cysB,ssuE,repressor
cysB,hslJ,repressor
rcsB,gadX,repressor
rcsB,gadA,repressor
lrhA,flhC,repressor
lrhA,flhD,repressor
arcA,aceA,repressor
arcA,aceB,repressor
arcA,aceE,repressor
arcA,aceF,repressor
arcA,aceK,repressor
arcA,aldA,repressor
arcA,puuC,repressor
arcA,argT,repressor
arcA,betA,repressor
arcA,betB,repressor
arcA,betI,repressor
arcA,betT,repressor
arcA,cadA,repressor
arcA,cadB,repressor
arcA,cyoA,repressor
arcA,cyoB,repressor
arcA,cyoC,repressor
arcA,cyoD,repressor
arcA,cyoE,repressor
arcA,fadA,repressor
arcA,fadB,repressor
arcA,fadL,repressor
arcA,fnr,repressor
arcA,fumA,repressor
arcA,fumC,repressor
arcA,glpA,repressor
arcA,glpB,repressor
arcA,glpC,repressor
arcA,glpD,repressor
arcA,glpE,repressor
arcA,gltA,repressor
arcA,icd,repressor
arcA,rpoS,repressor
arcA,kdpA,repressor
arcA,kgtP,repressor
arcA,lpd,repressor
arcA,mdh,repressor
arcA,ndh,repressor
arcA,ndk,repressor
arcA,oppB,repressor
arcA,oppC,repressor
arcA,oppD,repressor
arcA,oppF,repressor
arcA,pepN,repressor
arcA,ptsG,repressor
arcA,putA,repressor
arcA,putP,repressor
arcA,rplB,repressor
arcA,rplC,repressor
arcA,rplD,repressor
arcA,rplP,repressor
arcA,rplV,repressor
arcA,rplW,repressor
arcA,rpmC,repressor
arcA,rpsC,repressor
arcA,rpsJ,repressor
arcA,rpsQ,repressor
arcA,rpsS,repressor
arcA,sodA,repressor
arcA,ssb,repressor
arcA,thrA,repressor
arcA,uvrA,repressor
arcA,xthA,repressor
arcA,ompW,repressor
arcA,rhaT,repressor
arcA,acnA,repressor
arcA,ubiC,repressor
arcA,ubiA,repressor
arcA,folE,repressor
arcA,osmY,repressor
arcA,sthA,repressor
arcA,yigI,repressor
arcA,fadD,repressor
arcA,thiC,repressor
arcA,potF,repressor
arcA,ydeA,repressor
arcA,yieE,repressor
arcA,phoH,repressor
arcA,rsd,repressor
arcA,nuoM,repressor
arcA,nuoF,repressor
arcA,hybA,repressor
arcA,hybB,repressor
arcA,hybC,repressor
arcA,hybD,repressor
arcA,hybE,repressor
arcA,hybF,repressor
arcA,hybG,repressor
arcA,puuB,repressor
arcA,lldP,repressor
arcA,lldR,repressor
arcA,lldD,repressor
arcA,yeiQ,repressor
arcA,yejG,repressor
arcA,mqo,repressor
arcA,nuoA,repressor
arcA,nuoB,repressor
arcA,nuoC,repressor
arcA,nuoE,repressor
arcA,nuoG,repressor
arcA,nuoH,repressor
arcA,nuoI,repressor
arcA,nuoJ,repressor
arcA,nuoK,repressor
arcA,nuoL,repressor
arcA,nuoN,repressor
arcA,feoA,repressor
arcA,yhjE,repressor
arcA,acnB,repressor
arcA,gatA,repressor
arcA,gatB,repressor
arcA,gatC,repressor
arcA,gatD,repressor
arcA,gatY,repressor
arcA,puuR,repressor
arcA,cycA,repressor
arcA,dctA,repressor
arcA,glcB,repressor
arcA,rmf,repressor
arcA,glcF,repressor
arcA,fadH,repressor
arcA,fadE,repressor
arcA,citG,repressor
arcA,citX,repressor
arcA,citF,repressor
arcA,citE,repressor
arcA,citD,repressor
arcA,citC,repressor
arcA,ybiU,repressor
arcA,puuP,repressor
arcA,puuA,repressor
arcA,puuD,repressor
arcA,puuE,repressor
arcA,tpx,repressor
arcA,ynaJ,repressor
arcA,yncD,repressor
arcA,yncE,repressor
arcA,ydgC,repressor
arcA,gatZ,repressor
arcA,glcG,repressor
arcA,glcE,repressor
arcA,glcD,repressor
arcA,glcC,repressor
arcA,hybO,repressor
arcA,nudE,repressor
arcA,yjiR,repressor
fabR,fabA,repressor
fabR,fabB,repressor
lrp,cydC,repressor
lrp,alaS,repressor
lrp,arcB,repressor
lrp,argA,repressor
lrp,argS,repressor
lrp,aspS,repressor
lrp,atpA,repressor
lrp,atpH,repressor
lrp,btuE,repressor
lrp,cysB,repressor
lrp,deaD,repressor
lrp,dedA,repressor
lrp,deoB,repressor
lrp,eco,repressor
lrp,frdA,repressor
lrp,frdB,repressor
lrp,ftsQ,repressor
lrp,gdhA,repressor
lrp,glgC,repressor
lrp,gltP,repressor
lrp,gpt,repressor
lrp,lpxL,repressor
lrp,ilvA,repressor
lrp,ilvD,repressor
lrp,ilvE,repressor
lrp,ilvM,repressor
lrp,livF,repressor
lrp,livG,repressor
lrp,livH,repressor
lrp,livM,repressor
lrp,lrp,repressor
lrp,lysU,repressor
lrp,manA,repressor
lrp,metH,repressor
lrp,metK,repressor
lrp,groS,repressor
lrp,msbA,repressor
lrp,mtr,repressor
lrp,mutY,repressor
lrp,nusB,repressor
lrp,ompC,repressor
lrp,oppA,repressor
lrp,oppB,repressor
lrp,oppC,repressor
lrp,oppD,repressor
lrp,oppF,repressor
lrp,pabB,repressor
lrp,pal,repressor
lrp,pepD,repressor
lrp,pncB,repressor
lrp,polA,repressor
lrp,rplF,repressor
lrp,rpoN,repressor
lrp,rpsH,repressor
lrp,sdaA,repressor
lrp,serS,repressor
lrp,topA,repressor
lrp,treA,repressor
lrp,trxB,repressor
lrp,ybgA,repressor
lrp,yceB,repressor
lrp,yfiB,repressor
lrp,mscS,repressor
lrp,creA,repressor
lrp,uspE,repressor
lrp,thrL,repressor
lrp,ribE,repressor
lrp,upp,repressor
lrp,ychE,repressor
lrp,osmY,repressor
lrp,hdeA,repressor
lrp,hdeB,repressor
lrp,yhiD,repressor
lrp,dadX,repressor
lrp,sthA,repressor
lrp,rpiA,repressor
lrp,gadB,repressor
lrp,ppk,repressor
lrp,thiC,repressor
lrp,ydeE,repressor
lrp,ptsN,repressor
lrp,emrD,repressor
lrp,yebF,repressor
lrp,aidB,repressor
lrp,yiiM,repressor
lrp,yjbJ,repressor
lrp,aphA,repressor
lrp,yjbQ,repressor
lrp,yehL,repressor
lrp,napF,repressor
lrp,mqo,repressor
lrp,nuoA,repressor
lrp,sdaC,repressor
lrp,brnQ,repressor
lrp,ybiJ,repressor
lrp,yjeM,repressor
lrp,cycA,repressor
lrp,yiaG,repressor
lrp,sstT,repressor
lrp,yhbY,repressor
lrp,yciN,repressor
lrp,alaT,repressor
lrp,alaU,repressor
lrp,alaV,repressor
lrp,gltT,repressor
lrp,gltU,repressor
lrp,gltV,repressor
lrp,gltW,repressor
lrp,ileT,repressor
lrp,ileU,repressor
lrp,ileV,repressor
lrp,metT,repressor
lrp,micF,repressor
lrp,rrfA,repressor
lrp,rrfB,repressor
lrp,rrfC,repressor
lrp,rrfD,repressor
lrp,rrfE,repressor
lrp,rrfG,repressor
lrp,rrfH,repressor
lrp,rrlA,repressor
lrp,rrlB,repressor
lrp,rrlC,repressor
lrp,rrlD,repressor
lrp,rrlE,repressor
lrp,rrlG,repressor
lrp,rrlH,repressor
lrp,rrsA,repressor
lrp,rrsB,repressor
lrp,rrsC,repressor
lrp,rrsD,repressor
lrp,rrsE,repressor
lrp,rrsG,repressor
lrp,rrsH,repressor
lrp,rrfF,repressor
lrp,ssrS,repressor
lrp,thrV,repressor
lrp,ybdG,repressor
lrp,ybdL,repressor
lrp,ybeX,repressor
lrp,ybiO,repressor
lrp,ybiT,repressor
lrp,ybjN,repressor
lrp,ybjS,repressor
lrp,lolA,repressor
lrp,ycaM,repressor
lrp,hlyE,repressor
lrp,dhaK,repressor
lrp,yeaE,repressor
lrp,yodC,repressor
lrp,yfcC,repressor
lrp,yfcZ,repressor
lrp,intZ,repressor
lrp,amiC,repressor
lrp,yqeG,repressor
lrp,qseB,repressor
lrp,aer,repressor
lrp,yhcN,repressor
lrp,ytfK,repressor
lrp,yjiC,repressor
lrp,yhiM,repressor
pspF,pspF,repressor
treR,treC,repressor
treR,treB,repressor
marA,lacA,repressor
marA,lacY,repressor
marA,lacZ,repressor
marA,purA,repressor
marA,rob,repressor
marA,hdeA,repressor
marA,hdeB,repressor
marA,yhiD,repressor
marA,slp,repressor
iscR,hyaA,repressor
iscR,hyaB,repressor
iscR,hyaC,repressor
iscR,hyaD,repressor
iscR,hyaE,repressor
iscR,hyaF,repressor
iscR,napC,repressor
iscR,napB,repressor
iscR,napH,repressor
iscR,napG,repressor
iscR,napA,repressor
iscR,napF,repressor
iscR,iscA,repressor
iscR,napD,repressor
iscR,torT,repressor
iscR,iscU,repressor
iscR,iscS,repressor
iscR,iscR,repressor
glcC,glcC,repressor
gadX,btuB,repressor
gadX,murI,repressor
gadX,ydeM,repressor
gadX,ydeN,repressor
gadX,ynfB,repressor
gadX,speG,repressor
gadW,slp,repressor
gadW,gadW,repressor
gadW,gadY,repressor
phoP,argD,repressor
phoP,acrA,repressor
phoP,acrB,repressor
phoP,treR,repressor
phoP,clpS,repressor
phoP,ydeO,repressor
phoP,ydeP,repressor
phoP,dcuD,repressor
narL,dcuB,repressor
narL,adhE,repressor
narL,aspA,repressor
narL,dmsA,repressor
narL,dmsB,repressor
narL,dmsC,repressor
narL,fdhF,repressor
narL,frdA,repressor
narL,frdB,repressor
narL,frdC,repressor
narL,frdD,repressor
narL,fumB,repressor
narL,hyaA,repressor
narL,hyaB,repressor
narL,hyaC,repressor
narL,hyaD,repressor
narL,hyaE,repressor
narL,hyaF,repressor
narL,pflB,repressor
narL,ompW,repressor
narL,dcuA,repressor
narL,focA,repressor
narL,ubiC,repressor
narL,ubiA,repressor
narL,nikR,repressor
narL,hybA,repressor
narL,hybB,repressor
narL,hybC,repressor
narL,hybD,repressor
narL,hybE,repressor
narL,hybF,repressor
narL,hybG,repressor
narL,torA,repressor
narL,torC,repressor
narL,ccmH,repressor
narL,ccmG,repressor
narL,ccmF,repressor
narL,ccmE,repressor
narL,ccmC,repressor
narL,ccmB,repressor
narL,ccmA,repressor
narL,napC,repressor
narL,napB,repressor
narL,napH,repressor
narL,napG,repressor
narL,napA,repressor
narL,napF,repressor
narL,nikA,repressor
narL,nikB,repressor
narL,nikC,repressor
narL,nikD,repressor
narL,nikE,repressor
narL,napD,repressor
narL,ccmD,repressor
narL,torD,repressor
narL,norW,repressor
narL,caiF,repressor
narL,citG,repressor
narL,citX,repressor
narL,citF,repressor
narL,citE,repressor
narL,citD,repressor
narL,citC,repressor
narL,ynfE,repressor
narL,ynfF,repressor
narL,ynfG,repressor
narL,ynfH,repressor
narL,dmsD,repressor
narL,ydhT,repressor
narL,ydhU,repressor
narL,ydhX,repressor
narL,ydhW,repressor
narL,ydhV,repressor
narL,ydhY,repressor
narL,norV,repressor
narL,hybO,repressor
narL,dcuR,repressor
narL,dcuS,repressor
narP,hyaA,repressor
narP,hyaB,repressor
narP,hyaC,repressor
narP,hyaD,repressor
narP,hyaE,repressor
narP,hyaF,repressor
narP,fdnG,repressor
narP,fdnH,repressor
narP,fdnI,repressor
narP,norW,repressor
narP,ydeP,repressor
narP,ydhT,repressor
narP,ydhU,repressor
narP,ydhX,repressor
narP,ydhW,repressor
narP,ydhV,repressor
narP,ydhY,repressor
narP,norV,repressor
paaX,paaA,repressor
paaX,paaB,repressor
paaX,paaC,repressor
paaX,paaD,repressor
paaX,paaE,repressor
paaX,paaF,repressor
paaX,paaG,repressor
paaX,paaH,repressor
paaX,paaI,repressor
paaX,paaJ,repressor
paaX,paaK,repressor
paaX,paaX,repressor
paaX,paaY,repressor
mprA,mprA,repressor
mprA,nmpC,repressor
mprA,emrA,repressor
mprA,emrB,repressor
mprA,acrA,repressor
mprA,acrB,repressor
argR,hisM,repressor
argR,argA,repressor
argR,argB,repressor
argR,argC,repressor
argR,argD,repressor
argR,argF,repressor
argR,argG,repressor
argR,argI,repressor
argR,argR,repressor
argR,aroK,repressor
argR,carA,repressor
argR,carB,repressor
argR,cvpA,repressor
argR,dacC,repressor
argR,ftsZ,repressor
argR,gltB,repressor
argR,gltD,repressor
argR,hisP,repressor
argR,infB,repressor
argR,lrp,repressor
argR,nusA,repressor
argR,pfkB,repressor
argR,pnp,repressor
argR,rpsO,repressor
argR,truB,repressor
argR,rbfA,repressor
argR,argH,repressor
argR,mukE,repressor
argR,hisL,repressor
argR,pyrL,repressor
argR,argE,repressor
argR,dps,repressor
argR,gltF,repressor
argR,stpA,repressor
argR,artP,repressor
argR,artI,repressor
argR,artQ,repressor
argR,artM,repressor
argR,artJ,repressor
argR,potF,repressor
argR,hisJ,repressor
argR,hisQ,repressor
argR,metY,repressor
argR,ydgI,repressor
argR,hchA,repressor
argR,yfcC,repressor
argR,yhcC,repressor
fadR,fadA,repressor
fadR,fadB,repressor
fadR,fadL,repressor
fadR,uspA,repressor
fadR,fadD,repressor
fadR,fadH,repressor
fadR,fadE,repressor
sdiA,ftsA,repressor
sdiA,ftsZ,repressor
iclR,aceA,repressor
iclR,aceB,repressor
iclR,aceK,repressor
iclR,iclR,repressor
dnaA,aldA,repressor
dnaA,guaA,repressor
dnaA,guaB,repressor
dnaA,recN,repressor
dnaA,rpoH,repressor
dnaA,uvrB,repressor
nagC,chbB,repressor
nagC,chbC,repressor
nagC,chbA,repressor
nagC,chbR,repressor
nagC,chbF,repressor
nagC,creD,repressor
nagC,crr,repressor
nagC,manX,repressor
nagC,manY,repressor
nagC,manZ,repressor
nagC,nagA,repressor
nagC,nagB,repressor
nagC,nagE,repressor
nagC,nagC,repressor
nagC,creC,repressor
nagC,ptsH,repressor
nagC,ptsI,repressor
nagC,creA,repressor
nagC,creB,repressor
nagC,galP,repressor
nagC,chbG,repressor
nagC,dinI,repressor
nagC,ydeM,repressor
nagC,ydeN,repressor
nagC,ydeP,repressor
norR,norR,repressor
mngR,mngR,repressor
mngR,mngA,repressor
mngR,mngB,repressor
zur,znuB,repressor
zur,ykgM,repressor
zur,znuA,repressor
zur,znuC,repressor
zur,ykgO,repressor
putA,putA,repressor
putA,putP,repressor
gntR,eda,repressor
gntR,edd,repressor
gntR,idnK,repressor
gntR,gntT,repressor
gntR,idnT,repressor
gntR,gntK,repressor
gntR,gntU,repressor
gntR,idnR,repressor
gntR,idnO,repressor
gntR,idnD,repressor
idnR,gntK,repressor
idnR,gntU,repressor
exuR,uxaB,repressor
exuR,uxuA,repressor
exuR,uxaA,repressor
exuR,exuT,repressor
exuR,exuR,repressor
exuR,uxuB,repressor
exuR,uxuR,repressor
exuR,uxaC,repressor
uxuR,uidA,repressor
uxuR,uxuA,repressor
uxuR,uidB,repressor
uxuR,gntP,repressor
uxuR,exuR,repressor
uxuR,uxuB,repressor
uxuR,uxuR,repressor
uxuR,uidC,repressor
uidR,uidA,repressor
uidR,uidB,repressor
uidR,uidC,repressor
uidR,uidR,repressor
ulaR,ulaB,repressor
ulaR,ulaC,repressor
ulaR,ulaG,repressor
ulaR,ulaA,repressor
ulaR,ulaD,repressor
ulaR,ulaE,repressor
ulaR,ulaF,repressor
trpR,aroH,repressor
trpR,aroL,repressor
trpR,aroM,repressor
trpR,mtr,repressor
trpR,trpA,repressor
trpR,trpB,repressor
trpR,trpC,repressor
trpR,trpD,repressor
trpR,trpE,repressor
trpR,trpR,repressor
trpR,yaiA,repressor
trpR,trpL,repressor
pdhR,aceE,repressor
pdhR,aceF,repressor
pdhR,cyoA,repressor
pdhR,cyoB,repressor
pdhR,cyoC,repressor
pdhR,cyoD,repressor
pdhR,cyoE,repressor
pdhR,ddlB,repressor
pdhR,lpxC,repressor
pdhR,ftsA,repressor
pdhR,ftsI,repressor
pdhR,ftsQ,repressor
pdhR,ftsW,repressor
pdhR,ftsZ,repressor
pdhR,hemL,repressor
pdhR,hha,repressor
pdhR,lpd,repressor
pdhR,mraY,repressor
pdhR,murC,repressor
pdhR,murD,repressor
pdhR,murE,repressor
pdhR,murF,repressor
pdhR,murG,repressor
pdhR,ndh,repressor
pdhR,mraZ,repressor
pdhR,ftsL,repressor
pdhR,pdhR,repressor
pdhR,glcB,repressor
pdhR,glcF,repressor
pdhR,glcG,repressor
pdhR,glcE,repressor
pdhR,glcD,repressor
hdfR,flhC,repressor
hdfR,flhD,repressor
slyA,fecI,repressor
slyA,fecR,repressor
slyA,sgcA,repressor
slyA,sgcC,repressor
slyA,sgcX,repressor
slyA,sgcR,repressor
slyA,sgcE,repressor
slyA,sgcQ,repressor
slyA,sgcB,repressor
qseB,dnaA,repressor
ydeO,ydeO,repressor
araC,xylA,repressor
araC,xylB,repressor
araC,yjfF,repressor
araC,ytfQ,repressor
araC,ytfR,repressor
araC,ytfT,repressor
araC,ydeM,repressor
araC,ydeN,repressor
cytR,cdd,repressor
cytR,cytR,repressor
cytR,deoA,repressor
cytR,deoB,repressor
cytR,deoC,repressor
cytR,deoD,repressor
cytR,nupG,repressor
cytR,ppiA,repressor
cytR,rpoH,repressor
cytR,tsx,repressor
cytR,udp,repressor
cytR,nupC,repressor
cytR,ycdZ,repressor
gcvA,gcvA,repressor
torR,gadX,repressor
torR,torR,repressor
torR,gadA,repressor
agaR,agaA,repressor
agaR,kbaY,repressor
agaR,agaB,repressor
agaR,agaC,repressor
agaR,agaR,repressor
agaR,kbaZ,repressor
agaR,agaV,repressor
agaR,agaW,repressor
agaR,agaS,repressor
agaR,agaD,repressor
agaR,agaI,repressor
nanR,nanA,repressor
nanR,nanT,repressor
nanR,nanK,repressor
nanR,nanE,repressor
birA,bioA,repressor
birA,bioB,repressor
birA,bioC,repressor
birA,bioD,repressor
birA,bioF,repressor
deoR,deoA,repressor
deoR,deoB,repressor
deoR,deoC,repressor
deoR,deoD,repressor
deoR,nupG,repressor
deoR,tsx,repressor
galS,galR,repressor
galS,galS,repressor
galS,mglA,repressor
galS,mglB,repressor
galS,mglC,repressor
galS,galP,repressor
galR,galR,repressor
galR,galS,repressor
galR,mglA,repressor
galR,mglB,repressor
galR,mglC,repressor
galR,galP,repressor
glpR,glpA,repressor
glpR,glpB,repressor
glpR,glpC,repressor
glpR,glpD,repressor
glpR,glpF,repressor
glpR,glpK,repressor
glpR,glpQ,repressor
glpR,glpT,repressor
glpR,glpX,repressor
lacI,lacA,repressor
lacI,lacY,repressor
lacI,lacZ,repressor
lexA,ddlB,repressor
lexA,dnaG,repressor
lexA,lpxC,repressor
lexA,ftsA,repressor
lexA,ftsI,repressor
lexA,ftsQ,repressor
lexA,ftsW,repressor
lexA,ftsZ,repressor
lexA,lexA,repressor
lexA,mraY,repressor
lexA,murC,repressor
lexA,murD,repressor
lexA,murE,repressor
lexA,murF,repressor
lexA,murG,repressor
lexA,phr,repressor
lexA,polB,repressor
lexA,recA,repressor
lexA,recB,repressor
lexA,recD,repressor
lexA,recN,repressor
lexA,recQ,repressor
lexA,rpoD,repressor
lexA,rpsU,repressor
lexA,ssb,repressor
lexA,sulA,repressor
lexA,umuC,repressor
lexA,umuD,repressor
lexA,uvrA,repressor
lexA,uvrB,repressor
lexA,uvrC,repressor
lexA,uvrD,repressor
lexA,ftsL,repressor
lexA,uvrY,repressor
lexA,dinD,repressor
lexA,dinG,repressor
lexA,dinF,repressor
lexA,ybiB,repressor
lexA,ybfE,repressor
lexA,yebG,repressor
lexA,sbmC,repressor
lexA,recX,repressor
lexA,hokE,repressor
lexA,yafQ,repressor
lexA,dinJ,repressor
lexA,dinB,repressor
lexA,yafN,repressor
lexA,yafO,repressor
lexA,yafP,repressor
lexA,ftsK,repressor
lexA,dinI,repressor
lexA,ydjM,repressor
lexA,yoaA,repressor
lexA,insK,repressor
lexA,ruvA,repressor
lexA,ruvB,repressor
metR,metR,repressor
purR,carA,repressor
purR,carB,repressor
purR,cvpA,repressor
purR,gcvH,repressor
purR,glnB,repressor
purR,glyA,repressor
purR,guaA,repressor
purR,guaB,repressor
purR,purA,repressor
purR,purC,repressor
purR,purD,repressor
purR,purE,repressor
purR,purF,repressor
purR,purH,repressor
purR,purK,repressor
purR,purL,repressor
purR,purM,repressor
purR,purN,repressor
purR,purR,repressor
purR,pyrC,repressor
purR,pyrD,repressor
purR,speA,repressor
purR,speB,repressor
purR,ubiX,repressor
purR,purB,repressor
purR,codA,repressor
purR,codB,repressor
purR,hflD,repressor
purR,gcvT,repressor
purR,purT,repressor
purR,gcvP,repressor
ilvY,ilvY,repressor
alpA,phoB,repressor
alpA,phoR,repressor
asnC,asnC,repressor
asnC,mioC,repressor
betI,betA,repressor
betI,betB,repressor
betI,betI,repressor
betI,betT,repressor
cynR,cynR,repressor
dsdC,dsdC,repressor
ebgR,ebgA,repressor
ebgR,ebgC,repressor
srlR,srlE,repressor
srlR,srlB,repressor
srlR,srlD,repressor
srlR,gutM,repressor
srlR,gutQ,repressor
srlR,srlR,repressor
srlR,srlA,repressor
leuO,cadC,repressor
leuO,gltF,repressor
leuO,ybeQ,repressor
leuO,dsrA,repressor
leuO,yghR,repressor
leuO,yghS,repressor
lysR,lysR,repressor
marR,marA,repressor
marR,marR,repressor
marR,marB,repressor
nadR,nadA,repressor
nadR,nadB,repressor
nadR,pncB,repressor
nadR,pnuC,repressor
rbsR,purD,repressor
rbsR,purH,repressor
rbsR,rbsA,repressor
rbsR,rbsB,repressor
rbsR,rbsC,repressor
rbsR,rbsD,repressor
rbsR,rbsK,repressor
rbsR,rbsR,repressor
soxR,soxR,repressor
csgD,pepD,repressor
csgD,fliE,repressor
csgD,fliF,repressor
csgD,fliA,repressor
csgD,fliZ,repressor
csgD,fliG,repressor
csgD,fliH,repressor
csgD,flgM,repressor
csgD,fliI,repressor
csgD,fliJ,repressor
csgD,fliK,repressor
csgD,flgN,repressor
csgD,yhbS,repressor
malI,malI,repressor
malI,malX,repressor
malI,malY,repressor
xylR,araC,repressor
prpR,prpR,repressor
hcaR,hcaR,repressor
kdgR,eda,repressor
kdgR,edd,repressor
allR,gcl,repressor
allR,allA,repressor
allR,hyi,repressor
allR,glxR,repressor
allR,ybbW,repressor
allR,allB,repressor
allR,ybbY,repressor
allR,glxK,repressor
lsrR,lsrK,repressor
lsrR,lsrR,repressor
lsrR,lsrA,repressor
lsrR,lsrC,repressor
lsrR,lsrD,repressor
lsrR,lsrB,repressor
lsrR,lsrF,repressor
lsrR,lsrG,repressor
lsrR,tam,repressor
dhaR,dhaR,repressor
acrR,flhC,repressor
acrR,flhD,repressor
acrR,soxR,repressor
acrR,soxS,repressor
acrR,marA,repressor
acrR,marR,repressor
acrR,marB,repressor
acrR,acrA,repressor
acrR,acrB,repressor
acrR,acrR,repressor
acrR,micF,repressor
pepA,carA,repressor
pepA,carB,repressor
pepA,pepA,repressor
ascG,ascB,repressor
ascG,ascF,repressor
ascG,htpG,repressor
ascG,prpR,repressor
ascG,ybiT,repressor
hipB,hipB,repressor
hipB,hipA,repressor
hipB,relA,repressor
hipB,fadH,repressor
hipB,eutA,repressor
hipB,eutH,repressor
dicA,dicB,repressor
dicA,dicC,repressor
dicA,ydfD,repressor
dicA,ydfE,repressor
dicA,ydfW,repressor
dicA,ydfX,repressor
dicA,intQ,repressor
bolA,mreB,repressor
bolA,mreC,repressor
bolA,mreD,repressor
alaS,alaS,repressor
arsR,arsR,repressor
arsR,arsB,repressor
arsR,arsC,repressor
sgrR,thiQ,repressor
sgrR,thiP,repressor
sgrR,sgrR,repressor
rstA,ompF,repressor
rstA,csgG,repressor
rstA,csgF,repressor
rstA,csgE,repressor
rstA,csgD,repressor
stpA,bglB,repressor
stpA,bglF,repressor
stpA,bglG,repressor
stpA,leuO,repressor
stpA,stpA,repressor
stpA,ssrS,repressor
creB,malE,repressor
creB,malF,repressor
creB,malG,repressor
envR,acrA,repressor
envR,acrB,repressor
relB,relB,repressor
relB,hokD,repressor
relB,relE,repressor
aidB,aidB,repressor
yefM,yefM,repressor
yefM,yoeB,repressor
fliZ,flhC,repressor
fliZ,flhD,repressor
fliZ,osmY,repressor
fliZ,hdeA,repressor
fliZ,hdeB,repressor
fliZ,yhiD,repressor
fliZ,csgA,repressor
fliZ,gadB,repressor
fliZ,gadE,repressor
fliZ,yjbJ,repressor
fliZ,mlrA,repressor
fliZ,mdtE,repressor
fliZ,mdtF,repressor
fliZ,csgG,repressor
fliZ,csgF,repressor
fliZ,csgE,repressor
fliZ,csgD,repressor
fliZ,csgB,repressor
fliZ,csgC,repressor
fliZ,gadC,repressor
basR,putA,repressor
basR,yrbL,repressor
puuR,puuC,repressor
puuR,puuB,repressor
puuR,puuR,repressor
puuR,puuP,repressor
puuR,puuA,repressor
puuR,puuD,repressor
puuR,puuE,repressor
mraZ,ddlB,repressor
mraZ,lpxC,repressor
mraZ,ftsA,repressor
mraZ,ftsI,repressor
mraZ,ftsQ,repressor
mraZ,ftsW,repressor
mraZ,ftsZ,repressor
mraZ,mraY,repressor
mraZ,murC,repressor
mraZ,murD,repressor
mraZ,murE,repressor
mraZ,murF,repressor
mraZ,murG,repressor
mraZ,mraZ,repressor
mraZ,ftsL,repressor
mraZ,mioC,repressor
yebK,yebK,repressor
yjjQ,flhC,repressor
yjjQ,flhD,repressor
yjjQ,ompC,repressor
yjjQ,yfiB,repressor
yjjQ,ybhL,repressor
yjjQ,yfiR,repressor
frmR,frmA,repressor
frmR,frmB,repressor
frmR,frmR,repressor
ompR,bolA,repressor
ompR,cadA,repressor
ompR,cadB,repressor
ompR,cadC,repressor
ompR,fadL,repressor
ompR,flhC,repressor
ompR,flhD,repressor
ompR,lpp,repressor
ompR,nmpC,repressor
ompR,potE,repressor
ompR,speF,repressor
ompR,sra,repressor
ompR,ecnB,repressor
racR,ydaS,repressor
racR,ydaT,repressor
racR,ydaU,repressor
racR,ydaV,repressor
racR,ydaW,repressor
racR,rzpR,repressor
dgoR,dgoA,repressor
dgoR,dgoK,repressor
dgoR,dgoT,repressor
dgoR,dgoR,repressor
dgoR,dgoD,repressor
fur,garL,repressor
fur,aspC,repressor
fur,cirA,repressor
fur,cyoA,repressor
fur,cyoB,repressor
fur,cyoC,repressor
fur,cyoD,repressor
fur,cyoE,repressor
fur,entA,repressor
fur,entB,repressor
fur,entC,repressor
fur,entD,repressor
fur,entE,repressor
fur,entF,repressor
fur,exbB,repressor
fur,exbD,repressor
fur,fecA,repressor
fur,fecB,repressor
fur,fecC,repressor
fur,fecD,repressor
fur,fecE,repressor
fur,fecI,repressor
fur,fecR,repressor
fur,fepA,repressor
fur,fepB,repressor
fur,fepC,repressor
fur,fepD,repressor
fur,fepE,repressor
fur,fepG,repressor
fur,fes,repressor
fur,fhuA,repressor
fur,fhuB,repressor
fur,fhuC,repressor
fur,fhuD,repressor
fur,fhuE,repressor
fur,flhC,repressor
fur,flhD,repressor
fur,fnr,repressor
fur,fumC,repressor
fur,fur,repressor
fur,gltB,repressor
fur,gltD,repressor
fur,gnd,repressor
fur,hmp,repressor
fur,rpoS,repressor
fur,metH,repressor
fur,metJ,repressor
fur,ndh,repressor
fur,oppA,repressor
fur,oppB,repressor
fur,oppC,repressor
fur,oppD,repressor
fur,oppF,repressor
fur,purR,repressor
fur,pyrC,repressor
fur,sodA,repressor
fur,soxR,repressor
fur,soxS,repressor
fur,garK,repressor
fur,garR,repressor
fur,zwf,repressor
fur,gspO,repressor
fur,sufA,repressor
fur,glnD,repressor
fur,gltF,repressor
fur,nohA,repressor
fur,gpmA,repressor
fur,feoA,repressor
fur,feoB,repressor
fur,gspM,repressor
fur,ygaC,repressor
fur,nrdF,repressor
fur,garP,repressor
fur,nrdE,repressor
fur,rnpB,repressor
fur,ryhB,repressor
fur,fiu,repressor
fur,tfaQ,repressor
fur,stfQ,repressor
fur,sufE,repressor
fur,sufS,repressor
fur,sufD,repressor
fur,sufC,repressor
fur,sufB,repressor
fur,nac,repressor
fur,mntH,repressor
fur,nrdH,repressor
fur,nrdI,repressor
fur,gspC,repressor
fur,gspD,repressor
fur,gspE,repressor
fur,gspF,repressor
fur,gspG,repressor
fur,gspH,repressor
fur,gspI,repressor
fur,gspJ,repressor
fur,gspK,repressor
fur,gspL,repressor
fur,yhhY,repressor
fur,fhuF,repressor
fur,ybdZ,repressor
fur,yjjZ,repressor
accB,accB,repressor
accB,accC,repressor
ycjW,ycjM,repressor
ycjW,ycjN,repressor
ycjW,ycjO,repressor
ycjW,ycjP,repressor
ycjW,ycjQ,repressor
ycjW,ycjR,repressor
ycjW,ycjS,repressor
ycjW,ycjT,repressor
ycjW,ycjU,repressor
ycjW,ompG,repressor
cueR,moaA,repressor
cueR,moaB,repressor
cueR,moaD,repressor
cueR,moaE,repressor
cueR,moaC,repressor
nikR,nikR,repressor
nikR,nikA,repressor
nikR,nikB,repressor
nikR,nikC,repressor
nikR,nikD,repressor
nikR,nikE,repressor
mntR,dps,repressor
mntR,rybA,repressor
mntR,mntH,repressor
frlR,frlA,repressor
frlR,frlB,repressor
frlR,frlC,repressor
frlR,frlD,repressor
frlR,frlR,repressor
metJ,metA,repressor
metJ,metB,repressor
metJ,metC,repressor
metJ,metE,repressor
metJ,metF,repressor
metJ,metK,repressor
metJ,metL,repressor
metJ,metR,repressor
metJ,yeiB,repressor
metJ,folE,repressor
metJ,ahpC,repressor
metJ,ahpF,repressor
metJ,metQ,repressor
metJ,metN,repressor
metJ,metI,repressor
yfeC,rpmB,repressor
yfeC,rpmH,repressor
yfeC,rpsU,repressor
yfeC,hybE,repressor
yfeC,ygdR,repressor
yidZ,malE,repressor
yidZ,rbsD,repressor
yidZ,ppiC,repressor
yidZ,rof,repressor
yciT,cusF,repressor
ygbI,ygbJ,repressor
ygbI,ygbK,repressor
rpoN,fadL,repressor
rpoN,mutM,repressor
rpoN,nth,repressor
rpoN,cspC,repressor
rpoN,yobF,repressor
rpoN,yfcZ,repressor
fis,ndh,activatorrepressor
fis,ptsG,activatorrepressor
fis,topA,activatorrepressor
fis,rnpB,activatorrepressor
fis,ssrS,activatorrepressor
tyrR,tyrP,activatorrepressor
fnr,aceE,activatorrepressor
fnr,aceF,activatorrepressor
fnr,arcA,activatorrepressor
fnr,aspC,activatorrepressor
fnr,cydA,activatorrepressor
fnr,cydB,activatorrepressor
fnr,fnr,activatorrepressor
fnr,lpd,activatorrepressor
fnr,pdhR,activatorrepressor
fnr,ompW,activatorrepressor
fnr,fdnG,activatorrepressor
fnr,fdnH,activatorrepressor
fnr,fdnI,activatorrepressor
fnr,glnD,activatorrepressor
fnr,amtB,activatorrepressor
fnr,glnK,activatorrepressor
crp,araJ,activatorrepressor
crp,cdd,activatorrepressor
crp,crp,activatorrepressor
crp,crr,activatorrepressor
crp,cytR,activatorrepressor
crp,deoA,activatorrepressor
crp,deoB,activatorrepressor
crp,deoC,activatorrepressor
crp,deoD,activatorrepressor
crp,envZ,activatorrepressor
crp,fis,activatorrepressor
crp,galE,activatorrepressor
crp,galK,activatorrepressor
crp,galT,activatorrepressor
crp,glnA,activatorrepressor
crp,glnG,activatorrepressor
crp,glnL,activatorrepressor
crp,lacA,activatorrepressor
crp,lacY,activatorrepressor
crp,lacZ,activatorrepressor
crp,lpd,activatorrepressor
crp,malI,activatorrepressor
crp,manA,activatorrepressor
crp,nagA,activatorrepressor
crp,nagB,activatorrepressor
crp,nagE,activatorrepressor
crp,nagC,activatorrepressor
crp,nupG,activatorrepressor
crp,ompR,activatorrepressor
crp,pck,activatorrepressor
crp,ppiA,activatorrepressor
crp,ptsH,activatorrepressor
crp,ptsI,activatorrepressor
crp,rpoH,activatorrepressor
crp,tsx,activatorrepressor
crp,udp,activatorrepressor
crp,yhfA,activatorrepressor
crp,dusB,activatorrepressor
crp,dadA,activatorrepressor
crp,dadX,activatorrepressor
crp,proP,activatorrepressor
crp,galM,activatorrepressor
crp,ybiT,activatorrepressor
crp,ycdZ,activatorrepressor
nac,gltF,activatorrepressor
nac,nupC,activatorrepressor
nac,feaR,activatorrepressor
hns,hlyE,activatorrepressor
oxyR,elaB,activatorrepressor
phoB,ugpA,activatorrepressor
phoB,ugpB,activatorrepressor
phoB,ugpC,activatorrepressor
phoB,ugpE,activatorrepressor
phoB,ugpQ,activatorrepressor
arcA,oppA,activatorrepressor
arcA,sdhA,activatorrepressor
arcA,sdhB,activatorrepressor
arcA,sdhC,activatorrepressor
arcA,sdhD,activatorrepressor
arcA,sucA,activatorrepressor
arcA,sucB,activatorrepressor
arcA,sucC,activatorrepressor
arcA,sucD,activatorrepressor
arcA,focA,activatorrepressor
lrp,adhE,activatorrepressor
lrp,ansB,activatorrepressor
lrp,argR,activatorrepressor
lrp,aroA,activatorrepressor
lrp,aroG,activatorrepressor
lrp,aspA,activatorrepressor
lrp,avtA,activatorrepressor
lrp,dppA,activatorrepressor
lrp,ilvH,activatorrepressor
lrp,ilvI,activatorrepressor
lrp,katE,activatorrepressor
lrp,kbl,activatorrepressor
lrp,leuO,activatorrepressor
lrp,livJ,activatorrepressor
lrp,livK,activatorrepressor
lrp,groL,activatorrepressor
lrp,osmC,activatorrepressor
lrp,purM,activatorrepressor
lrp,rplR,activatorrepressor
lrp,serA,activatorrepressor
lrp,serC,activatorrepressor
lrp,tyrP,activatorrepressor
lrp,tyrR,activatorrepressor
lrp,leuA,activatorrepressor
lrp,rnr,activatorrepressor
lrp,ilvL,activatorrepressor
lrp,lysP,activatorrepressor
lrp,fliA,activatorrepressor
lrp,ppx,activatorrepressor
lrp,dadA,activatorrepressor
lrp,gcvT,activatorrepressor
lrp,ycgB,activatorrepressor
lrp,artP,activatorrepressor
lrp,artI,activatorrepressor
lrp,potF,activatorrepressor
lrp,gadW,activatorrepressor
lrp,ybgS,activatorrepressor
lrp,ybhQ,activatorrepressor
lrp,slyA,activatorrepressor
lrp,astC,activatorrepressor
lrp,csiE,activatorrepressor
lrp,ygiV,activatorrepressor
lrp,ygiW,activatorrepressor
lrp,yhhW,activatorrepressor
lrp,fxsA,activatorrepressor
lrp,ytfB,activatorrepressor
lrp,ytfJ,activatorrepressor
lrp,yjiL,activatorrepressor
gadX,hdeA,activatorrepressor
gadX,hdeB,activatorrepressor
gadX,yhiD,activatorrepressor
gadX,gadW,activatorrepressor
gadW,hdeA,activatorrepressor
gadW,hdeB,activatorrepressor
gadW,yhiD,activatorrepressor
gadW,gadB,activatorrepressor
gadW,gadX,activatorrepressor
gadW,gadA,activatorrepressor
gadW,gadC,activatorrepressor
phoP,phoP,activatorrepressor
phoP,phoQ,activatorrepressor
phoP,slyB,activatorrepressor
narL,nrfA,activatorrepressor
narL,nrfB,activatorrepressor
narL,nrfC,activatorrepressor
narL,nrfD,activatorrepressor
narL,nrfE,activatorrepressor
narL,nrfF,activatorrepressor
narL,nrfG,activatorrepressor
narP,ccmH,activatorrepressor
narP,ccmG,activatorrepressor
narP,ccmF,activatorrepressor
narP,ccmE,activatorrepressor
narP,ccmC,activatorrepressor
narP,ccmB,activatorrepressor
narP,ccmA,activatorrepressor
narP,napC,activatorrepressor
narP,napB,activatorrepressor
narP,napH,activatorrepressor
narP,napG,activatorrepressor
narP,napA,activatorrepressor
narP,napF,activatorrepressor
narP,napD,activatorrepressor
narP,ccmD,activatorrepressor
sdiA,ftsQ,activatorrepressor
dnaA,dnaA,activatorrepressor
dnaA,dnaN,activatorrepressor
dnaA,nrdA,activatorrepressor
dnaA,nrdB,activatorrepressor
dnaA,recF,activatorrepressor
dnaA,yfaE,activatorrepressor
nagC,glmS,activatorrepressor
nagC,glmU,activatorrepressor
chbR,chbB,activatorrepressor
chbR,chbC,activatorrepressor
chbR,chbA,activatorrepressor
chbR,chbR,activatorrepressor
chbR,chbF,activatorrepressor
chbR,chbG,activatorrepressor
qseB,feaR,activatorrepressor
araC,araA,activatorrepressor
araC,araB,activatorrepressor
araC,araC,activatorrepressor
araC,araD,activatorrepressor
melR,melA,activatorrepressor
melR,melB,activatorrepressor
melR,melR,activatorrepressor
gcvA,gcvH,activatorrepressor
gcvA,gcvT,activatorrepressor
gcvA,gcvP,activatorrepressor
ada,ada,activatorrepressor
ada,alkB,activatorrepressor
galS,galE,activatorrepressor
galS,galK,activatorrepressor
galS,galT,activatorrepressor
galS,galM,activatorrepressor
galR,galE,activatorrepressor
galR,galK,activatorrepressor
galR,galT,activatorrepressor
galR,galM,activatorrepressor
metR,glyA,activatorrepressor
leuO,leuO,activatorrepressor
lldR,lldP,activatorrepressor
lldR,lldR,activatorrepressor
lldR,lldD,activatorrepressor
bolA,ampC,activatorrepressor
bolA,dacC,activatorrepressor
glnG,glnA,activatorrepressor
glnG,glnG,activatorrepressor
glnG,glnH,activatorrepressor
glnG,glnL,activatorrepressor
glnG,glnP,activatorrepressor
glnG,glnQ,activatorrepressor
ompR,ompF,activatorrepressor
fur,gdhA,activatorrepressor
fur,lpd,activatorrepressor
fur,tonB,activatorrepressor
fur,amtB,activatorrepressor
fur,glnK,activatorrepressor
