name,ids
fis,0
rob,1
tyrR,2
argP,3
cpxR,4
modE,5
fnr,6
crp,7
cadC,8
nac,9
hns,10
soxS,11
oxyR,12
phoB,13
cysB,14
rcsB,15
lrhA,16
arcA,17
fabR,18
nhaR,19
lrp,20
hyfR,21
fhlA,22
pspF,23
treR,24
marA,25
iscR,26
glcC,27
gadX,28
gadW,29
mhpR,30
rtcR,31
phoP,32
narL,33
narP,34
paaX,35
evgA,36
mprA,37
argR,38
envY,39
fadR,40
sdiA,41
iclR,42
dnaA,43
nagC,44
norR,45
cusR,46
mngR,47
cdaR,48
zur,49
putA,50
chbR,51
gadE,52
gntR,53
idnR,54
exuR,55
uxuR,56
uidR,57
ulaR,58
trpR,59
malT,60
pdhR,61
hdfR,62
slyA,63
qseB,64
ydeO,65
araC,66
rhaS,67
melR,68
cytR,69
gcvA,70
torR,71
agaR,72
nanR,73
ada,74
birA,75
deoR,76
galS,77
galR,78
glpR,79
lacI,80
lexA,81
metR,82
purR,83
rhaR,84
ilvY,85
alpA,86
appY,87
asnC,88
atoC,89
betI,90
cspA,91
cynR,92
dsdC,93
ebgR,94
fucR,95
gutM,96
srlR,97
leuO,98
lysR,99
marR,100
nadR,101
rbsR,102
soxR,103
tdcA,104
tdcR,105
csgD,106
malI,107
yeiL,108
cbl,109
xapR,110
xylR,111
caiF,112
lldR,113
zraR,114
adiY,115
prpR,116
hcaR,117
kdgR,118
allR,119
lsrR,120
baeR,121
dhaR,122
acrR,123
pepA,124
ascG,125
hipB,126
feaR,127
dicA,128
bolA,129
alaS,130
arsR,131
sgrR,132
rstA,133
stpA,134
creB,135
envR,136
relB,137
ygiV,138
yqhC,139
mlrA,140
aidB,141
yefM,142
fliZ,143
basR,144
puuR,145
mraZ,146
yebK,147
yjjQ,148
uvrY,149
yhaJ,150
frmR,151
glnG,152
ompR,153
racR,154
dgoR,155
fur,156
accB,157
dcuR,158
ycjW,159
kdpE,160
uhpA,161
cueR,162
ydcI,163
nikR,164
zntR,165
mntR,166
frlR,167
metJ,168
aaeR,169
yfeC,170
yidZ,171
yciT,172
ygbI,173
rpoN,174
adhE,175
osmE,176
ansB,177
apaG,178
apaH,179
bglB,180
bglF,181
bglG,182
carA,183
carB,184
cyoA,185
cyoB,186
cyoC,187
cyoD,188
cyoE,189
cysG,190
deoA,191
deoB,192
deoC,193
deoD,194
dmsA,195
dmsB,196
dmsC,197
dnaN,198
fadA,199
fadB,200
fumB,201
glnA,202
glnL,203
glnQ,204
glpA,205
glpB,206
glpC,207
glpQ,208
glpT,209
gltX,210
guaA,211
guaB,212
gyrA,213
gyrB,214
hupA,215
hupB,216
hyaA,217
hyaB,218
hyaC,219
hyaD,220
hyaE,221
hyaF,222
infB,223
katE,224
lpd,225
malE,226
malF,227
malG,228
mazG,229
mglA,230
mglC,231
mtlA,232
mtlD,233
nanA,234
narG,235
narH,236
narI,237
narJ,238
narK,239
ndh,240
nirB,241
nirC,242
nirD,243
nrdA,244
nrdB,245
nusA,246
ogt,247
pdxA,248
pflB,249
pnp,250
ptsG,251
pyrD,252
queA,253
recF,254
rplM,255
rpsI,256
rpsO,257
topA,258
tpr,259
trg,260
trmA,261
tufB,262
truB,263
rbfA,264
dusB,265
osmY,266
dps,267
msrA,268
acs,269
gadB,270
sra,271
marB,272
proP,273
emrD,274
nuoM,275
nuoF,276
nrfA,277
actP,278
yjcH,279
nrfB,280
nrfC,281
nrfD,282
nrfE,283
nrfF,284
nrfG,285
mtlR,286
nuoA,287
nuoB,288
nuoC,289
nuoE,290
nuoG,291
nuoH,292
nuoI,293
nuoJ,294
nuoK,295
nuoL,296
nuoN,297
cbpA,298
cbpM,299
xylG,300
xylH,301
aldB,302
acnB,303
yfaE,304
xylF,305
alaT,306
alaU,307
alaV,308
alaW,309
alaX,310
argU,311
argW,312
argX,313
aspV,314
glnU,315
glnV,316
glnW,317
glnX,318
gltT,319
gltU,320
gltV,321
gltW,322
glyT,323
glyU,324
hisR,325
ileT,326
ileU,327
ileV,328
leuP,329
leuQ,330
leuT,331
leuV,332
leuW,333
leuX,334
lysT,335
lysV,336
lysW,337
metT,338
metU,339
metY,340
pheU,341
pheV,342
proK,343
proL,344
proM,345
rnpB,346
rrfA,347
rrfB,348
rrfC,349
rrfD,350
rrfE,351
rrfG,352
rrfH,353
rrlA,354
rrlB,355
rrlC,356
rrlD,357
rrlE,358
rrlG,359
rrlH,360
rrsA,361
rrsB,362
rrsC,363
rrsD,364
rrsE,365
rrsG,366
rrsH,367
rrfF,368
serT,369
serX,370
ssrS,371
thrT,372
thrU,373
thrV,374
thrW,375
tyrT,376
tyrU,377
tyrV,378
valT,379
valU,380
valX,381
valY,382
gadA,383
nanT,384
hlyE,385
gadC,386
cspI,387
flxA,388
yoaG,389
yeaR,390
nanK,391
nanE,392
aldA,393
aslB,394
dapD,395
fadL,396
fumC,397
map,398
nfo,399
rimK,400
sodA,401
tolC,402
ygiB,403
ygiC,404
zwf,405
nfsA,406
acnA,407
glgS,408
glnD,409
inaA,410
fadD,411
acrA,412
acrB,413
mdtD,414
yacH,415
chaC,416
yiaG,417
mdaB,418
ybjC,419
micF,420
ybiT,421
ybjN,422
ydcL,423
astC,424
elaB,425
yhbO,426
yhbW,427
aroF,428
aroG,429
aroL,430
aroM,431
aroP,432
folA,433
mtr,434
tyrA,435
tyrB,436
tyrP,437
yaiA,438
asd,439
dapB,440
gdhA,441
lysA,442
lysC,443
argO,444
lysP,445
acrD,446
cheA,447
cheW,448
cpxA,449
lpxD,450
hha,451
degP,452
lpxA,453
motA,454
motB,455
ompC,456
ompF,457
ppiA,458
psd,459
rpoH,460
sbmA,461
slt,462
tsr,463
ung,464
dsbC,465
yccA,466
fabZ,467
dsbA,468
csgA,469
baeS,470
bacA,471
yidQ,472
yebE,473
rpoE,474
rseA,475
rprA,476
yaiW,477
ppiD,478
csgG,479
csgF,480
csgE,481
csgB,482
csgC,483
spy,484
mdtA,485
mdtB,486
mdtC,487
rseC,488
rseB,489
yqaE,490
yqjA,491
cpxP,492
yjfN,493
modB,494
modC,495
hycA,496
hycB,497
hycC,498
hycD,499
hycE,500
hycF,501
hycG,502
hycH,503
narX,504
oppA,505
oppB,506
oppC,507
oppD,508
oppF,509
moaA,510
moaB,511
moaD,512
moaE,513
moaC,514
ccmH,515
ccmG,516
ccmF,517
ccmE,518
ccmC,519
ccmB,520
ccmA,521
napC,522
napB,523
napH,524
napG,525
napA,526
napF,527
napD,528
ccmD,529
modA,530
hycI,531
dcuB,532
cydC,533
garL,534
aceE,535
aceF,536
ackA,537
aspA,538
aspC,539
cheB,540
cheR,541
cheY,542
cheZ,543
moeA,544
moeB,545
cydA,546
cydB,547
dppA,548
entF,549
acrE,550
acrF,551
fdhF,552
fepE,553
fes,554
frdA,555
frdB,556
frdC,557
frdD,558
fumA,559
gcvH,560
gltB,561
gltD,562
gnd,563
hemA,564
hmp,565
hypB,566
hypC,567
hypD,568
hypE,569
katG,570
malP,571
malQ,572
pstS,573
phoU,574
poxB,575
prfA,576
pstA,577
pstB,578
pstC,579
purM,580
purN,581
pykA,582
rplB,583
rplC,584
rplD,585
rplP,586
rplS,587
rplT,588
rplV,589
rplW,590
rpmC,591
rpsC,592
rpsJ,593
rpsP,594
rpsQ,595
rpsS,596
sdhA,597
sdhB,598
sdhC,599
sdhD,600
sucA,601
sucB,602
sucC,603
sucD,604
tap,605
tar,606
tdcB,607
tdcC,608
thrA,609
trmD,610
ompW,611
hyfA,612
rimM,613
tdcD,614
garK,615
garR,616
dcuA,617
fdnG,618
fdnH,619
fdnI,620
ycaC,621
focA,622
pheM,623
hyfB,624
ygbA,625
upp,626
ubiC,627
ubiA,628
cydD,629
nrdD,630
gcvT,631
argK,632
gltF,633
pepT,634
caiD,635
caiC,636
caiB,637
caiA,638
caiT,639
fixA,640
fixB,641
fixC,642
fixX,643
ydeJ,644
gcvP,645
amtB,646
nikA,647
nikB,648
nikC,649
nikD,650
nikE,651
feoA,652
feoB,653
ompX,654
uraA,655
glnK,656
pitA,657
bcsZ,658
bcsB,659
yibN,660
ssuB,661
prmC,662
norW,663
garD,664
caiE,665
dppB,666
dppC,667
dppD,668
dppF,669
uxaA,670
garP,671
emrY,672
metV,673
ybdN,674
citG,675
citX,676
citF,677
citE,678
citD,679
citC,680
dcuC,681
hcr,682
hcp,683
ssuC,684
ssuD,685
ssuA,686
ssuE,687
puuP,688
puuA,689
tpx,690
ydfZ,691
ydfO,692
ynfE,693
ynfF,694
ynfG,695
ynfH,696
dmsD,697
ydhT,698
ydhU,699
ydhX,700
ydhW,701
ydhV,702
ydhY,703
yecR,704
yfcZ,705
emrK,706
yffS,707
hyfC,708
hyfD,709
hyfE,710
hyfF,711
hyfG,712
hyfH,713
hyfI,714
hyfJ,715
focB,716
norV,717
mltA,718
xdhA,719
xdhB,720
xdhC,721
aer,722
tdcG,723
tdcF,724
tdcE,725
ysgA,726
dcuS,727
ytfE,728
uxaC,729
nrdG,730
ybdZ,731
zraS,732
aceA,733
aceB,734
aceK,735
agp,736
puuC,737
ampD,738
ampE,739
araA,740
araB,741
araD,742
araE,743
araF,744
araG,745
araH,746
araJ,747
argG,748
aroA,749
ascB,750
ascF,751
cdd,752
chbB,753
chbC,754
chbA,755
chbF,756
cirA,757
cpdB,758
crr,759
cstA,760
cyaA,761
dksA,762
dsdA,763
dsdX,764
ebgA,765
ebgC,766
entA,767
entB,768
entC,769
entD,770
entE,771
envZ,772
fbaA,773
fecA,774
fecB,775
fecC,776
fecD,777
fecE,778
fepA,779
flhC,780
flhD,781
fucA,782
fucI,783
fucK,784
fucO,785
fucP,786
fucU,787
gabT,788
galE,789
galK,790
galT,791
gapA,792
epd,793
gcd,794
glgA,795
glgC,796
glgP,797
glpD,798
glpE,799
glpF,800
glpG,801
glpK,802
gltA,803
grpE,804
hflC,805
hflK,806
hflX,807
hfq,808
ilvB,809
ilvN,810
rpoS,811
lacA,812
lacY,813
lacZ,814
lamB,815
malK,816
malM,817
malX,818
malY,819
manA,820
manX,821
manY,822
manZ,823
mdh,824
melA,825
melB,826
metK,827
mglB,828
nagA,829
nagB,830
nagE,831
nmpC,832
nupG,833
ompA,834
pck,835
pgk,836
pncB,837
priB,838
ptsH,839
ptsI,840
putP,841
rbsA,842
rbsB,843
rbsC,844
rbsD,845
rbsK,846
relA,847
rplI,848
rpsF,849
rpsR,850
secB,851
serA,852
serC,853
sfsA,854
sodB,855
sohB,856
speC,857
srlE,858
srlB,859
srlD,860
gutQ,861
tnaA,862
tnaB,863
trxA,864
tsx,865
udp,866
ugpA,867
ugpB,868
ugpC,869
ugpE,870
ugpQ,871
uhpT,872
uidA,873
uxaB,874
uxuA,875
xseA,876
xylA,877
xylB,878
xylE,879
cspD,880
ubiG,881
ygeA,882
yhfA,883
ivbL,884
tnaC,885
rhaT,886
malS,887
gabD,888
gabP,889
treC,890
dadA,891
dadX,892
narQ,893
glpX,894
ychH,895
nadC,896
uidB,897
galM,898
hofC,899
puuB,900
rhaD,901
rhaA,902
rhaB,903
sbmC,904
nupC,905
yeiP,906
hofB,907
ppdD,908
treB,909
nlpE,910
galP,911
idnK,912
cspE,913
chbG,914
mdtE,915
mdtF,916
yiaK,917
yiaL,918
yiaM,919
yiaN,920
yiaO,921
lyxK,922
sgbH,923
sgbU,924
sgbE,925
gntT,926
aegA,927
gatA,928
gatB,929
gatC,930
gatD,931
gatY,932
mpl,933
ulaB,934
ulaC,935
idnT,936
sgcA,937
sgcC,938
sgcX,939
gntP,940
gntK,941
gntU,942
exuT,943
agaA,944
frlA,945
dctA,946
dgoA,947
dgoK,948
dgoT,949
gpsA,950
hpt,951
uxuB,952
spf,953
rmf,954
csrC,955
fadH,956
yaeP,957
rof,958
yaeQ,959
yahN,960
prpB,961
prpC,962
prpD,963
prpE,964
mhpE,965
rihA,966
fiu,967
ycdZ,968
puuD,969
puuE,970
abgR,971
paaA,972
paaB,973
paaC,974
paaD,975
paaE,976
paaF,977
paaG,978
paaH,979
paaI,980
paaJ,981
paaK,982
mokB,983
lsrK,984
lsrA,985
lsrC,986
lsrD,987
lsrB,988
lsrF,989
lsrG,990
tam,991
rspB,992
rspA,993
uidC,994
gatZ,995
murP,996
csiE,997
ygcW,998
yqeF,999
ygeW,1000
kbaZ,1001
agaV,1002
agaW,1003
aaeB,1004
aaeA,1005
aaeX,1006
frlB,1007
frlC,1008
frlD,1009
ulaA,1010
ulaD,1011
ulaE,1012
ulaF,1013
ytfK,1014
idnO,1015
idnD,1016
yjhG,1017
yjhH,1018
yjhI,1019
sgcR,1020
sgcE,1021
sgcQ,1022
feaB,1023
srlA,1024
dgoD,1025
mhpA,1026
mhpB,1027
mhpC,1028
mhpD,1029
mhpF,1030
sgcB,1031
yeiW,1032
cadA,1033
cadB,1034
ispB,1035
amn,1036
cysQ,1037
aroD,1038
aroE,1039
asnA,1040
bfr,1041
bisC,1042
cynT,1043
cysJ,1044
cysS,1045
dcm,1046
dcp,1047
ddlA,1048
dld,1049
mltD,1050
fliC,1051
gltP,1052
gor,1053
hemB,1054
hemH,1055
htpG,1056
htpX,1057
icd,1058
intD,1059
kbl,1060
kdsA,1061
lepA,1062
lepB,1063
livH,1064
livK,1065
livM,1066
lysU,1067
mcrB,1068
metE,1069
groS,1070
mreC,1071
nusB,1072
ompT,1073
osmB,1074
pfkB,1075
pldA,1076
pntA,1077
polA,1078
ppc,1079
ppiB,1080
pyrB,1081
rcsA,1082
rep,1083
rfaH,1084
fliD,1085
rpmH,1086
rpoZ,1087
sdaA,1088
gmk,1089
thrS,1090
tolB,1091
trxB,1092
sbcD,1093
yajD,1094
ybgC,1095
ppdC,1096
ygdB,1097
yhaB,1098
mscL,1099
bfd,1100
mioC,1101
ydiB,1102
ycaD,1103
chpS,1104
ychA,1105
yifB,1106
ilvL,1107
pyrL,1108
leuL,1109
wzzE,1110
codA,1111
codB,1112
ligB,1113
mdtG,1114
gspO,1115
amiB,1116
bglH,1117
ahpC,1118
uspA,1119
yigI,1120
yigL,1121
pabC,1122
holE,1123
yhcA,1124
ycgB,1125
ybfC,1126
cfa,1127
ibpA,1128
wrbA,1129
greB,1130
ygiF,1131
eptA,1132
eamA,1133
ydeE,1134
yafC,1135
yafD,1136
yadC,1137
yicJ,1138
nudC,1139
yieE,1140
yieH,1141
cbrC,1142
yieP,1143
phoH,1144
rsd,1145
nfrB,1146
ybbC,1147
cmtB,1148
cmtA,1149
torA,1150
mobA,1151
yihD,1152
hemN,1153
yihL,1154
yihO,1155
yihQ,1156
yiiE,1157
yiiF,1158
fdoG,1159
fdhD,1160
yijO,1161
yjaH,1162
yjbB,1163
yjbQ,1164
yjcB,1165
yjcF,1166
yjcO,1167
htrE,1168
rfbC,1169
yehE,1170
bglX,1171
yeiH,1172
yejB,1173
yejG,1174
secG,1175
yeiE,1176
prfC,1177
rhtA,1178
yaeF,1179
cobT,1180
gspM,1181
ygaC,1182
yhhQ,1183
yhiJ,1184
yhjD,1185
yhjE,1186
yiaD,1187
yadM,1188
ygiL,1189
yecD,1190
yecE,1191
ybgE,1192
iaaA,1193
rfbB,1194
yfiL,1195
prmB,1196
yjeM,1197
cycA,1198
ybaL,1199
ygiN,1200
lpxH,1201
ycaK,1202
ygjI,1203
kbaY,1204
yecF,1205
pitB,1206
cobU,1207
asnT,1208
asnV,1209
leuU,1210
selC,1211
rplU,1212
ecnA,1213
tff,1214
micC,1215
yoeB,1216
ecnB,1217
torI,1218
yafV,1219
ivy,1220
yafQ,1221
dinJ,1222
yafN,1223
yafO,1224
yagU,1225
ykgL,1226
ykgE,1227
ykgH,1228
yaiS,1229
tauA,1230
yaiY,1231
yaiZ,1232
thiL,1233
yajO,1234
ybbW,1235
glxK,1236
ybcK,1237
borD,1238
ybcV,1239
ybdK,1240
dsbG,1241
uspG,1242
ybdR,1243
nadD,1244
ybeQ,1245
ybeR,1246
ybeT,1247
ybeU,1248
ybhD,1249
ybhH,1250
ybhI,1251
ybhM,1252
ybjP,1253
ybjQ,1254
ybjX,1255
macA,1256
ycaN,1257
yccM,1258
ycgX,1259
ycgJ,1260
dhaK,1261
ycgV,1262
ymjA,1263
abgA,1264
ydaT,1265
ydaU,1266
ynaK,1267
stfR,1268
tfaR,1269
pinR,1270
ompN,1271
ydcS,1272
ydcT,1273
ydcU,1274
ydcV,1275
ydcY,1276
ydcZ,1277
ansP,1278
ddpC,1279
ydeP,1280
ydeQ,1281
yneK,1282
ydfK,1283
pinQ,1284
tfaQ,1285
ydfR,1286
ynfA,1287
ynfB,1288
ynfD,1289
ydgH,1290
ydiL,1291
ydiM,1292
ydiO,1293
ydiP,1294
ydiY,1295
yniB,1296
ynjF,1297
nudG,1298
ynjH,1299
yobF,1300
yebQ,1301
yobA,1302
yobB,1303
znuA,1304
yedL,1305
hchA,1306
shiA,1307
yeeZ,1308
ugd,1309
wcaF,1310
wcaE,1311
wzc,1312
wzb,1313
wza,1314
yegH,1315
yegL,1316
yegR,1317
yfbK,1318
yfbL,1319
yfbV,1320
yfcO,1321
yfcP,1322
yfdE,1323
yfdV,1324
mntH,1325
pdxK,1326
yfeK,1327
yfeS,1328
yfgG,1329
yfgH,1330
yfhL,1331
yfiR,1332
yfjI,1333
ileY,1334
ygaV,1335
ygaP,1336
ygaM,1337
ygaZ,1338
pphB,1339
ispD,1340
ygcO,1341
ygcP,1342
ygcS,1343
ygcE,1344
gudX,1345
ygdR,1346
kduI,1347
yqeH,1348
yqeJ,1349
yqeK,1350
ygeG,1351
yqeB,1352
ygfI,1353
yggP,1354
yghG,1355
yghS,1356
yghT,1357
dkgA,1358
ygiZ,1359
ygjH,1360
yhaI,1361
yraH,1362
yhbX,1363
yhcC,1364
yhcD,1365
yhdV,1366
gspG,1367
gspH,1368
yhfL,1369
yhfZ,1370
yhhZ,1371
yrhB,1372
insK,1373
yjeH,1374
yjeJ,1375
blc,1376
yjfZ,1377
ytfB,1378
fklB,1379
ytfJ,1380
ytfP,1381
yjgH,1382
yjgM,1383
yjgN,1384
fhuF,1385
hcaE,1386
yohO,1387
hisM,1388
cysA,1389
cysM,1390
cysP,1391
cysU,1392
cysW,1393
fimA,1394
fimB,1395
fimC,1396
fimD,1397
fimE,1398
fimF,1399
fimG,1400
fimH,1401
hisP,1402
ilvH,1403
ilvI,1404
mukB,1405
nhaA,1406
osmC,1407
proV,1408
proW,1409
proX,1410
yciE,1411
yciF,1412
yciG,1413
chiA,1414
mukE,1415
fliA,1416
hdeA,1417
hdeB,1418
yhiD,1419
hdeD,1420
adiA,1421
evgS,1422
slp,1423
fimI,1424
hisJ,1425
hisQ,1426
mukF,1427
rcsD,1428
asr,1429
mdtI,1430
mdtJ,1431
gspA,1432
gspC,1433
gspD,1434
gspE,1435
gspF,1436
gspI,1437
gspJ,1438
gspK,1439
gspL,1440
yjjP,1441
bglJ,1442
yhiM,1443
fldA,1444
fpr,1445
pgi,1446
ribA,1447
fldB,1448
pqiA,1449
pqiB,1450
ydbK,1451
yrbL,1452
grxA,1453
xthA,1454
sufA,1455
ahpF,1456
ychF,1457
trxC,1458
hemF,1459
znuB,1460
oxyS,1461
isrC,1462
sufE,1463
sufS,1464
sufD,1465
sufC,1466
sufB,1467
znuC,1468
flu,1469
yjjZ,1470
eda,1471
phnC,1472
phnD,1473
phnF,1474
phnG,1475
phnH,1476
phnI,1477
phnJ,1478
phnK,1479
phnL,1480
phnM,1481
phnN,1482
phnO,1483
phnP,1484
phoA,1485
phoE,1486
phoQ,1487
phoR,1488
sbcC,1489
psiF,1490
tktB,1491
cusA,1492
adiC,1493
cusS,1494
cusC,1495
cusF,1496
cusB,1497
mipA,1498
cysC,1499
cysD,1500
cysH,1501
cysI,1502
cysK,1503
cysN,1504
tauD,1505
tauB,1506
tauC,1507
yciW,1508
hslJ,1509
yoaC,1510
yfbR,1511
ygeH,1512
ftsA,1513
ftsZ,1514
rarA,1515
gadY,1516
lolA,1517
bdm,1518
appA,1519
argT,1520
betA,1521
betB,1522
betT,1523
kdpA,1524
kgtP,1525
ndk,1526
pepN,1527
rho,1528
ssb,1529
uvrA,1530
folE,1531
appB,1532
appC,1533
dsbB,1534
sthA,1535
ybfA,1536
thiC,1537
potF,1538
ydeA,1539
yfiF,1540
hybA,1541
hybB,1542
hybC,1543
hybD,1544
hybE,1545
hybF,1546
hybG,1547
lldP,1548
lldD,1549
yeiQ,1550
mqo,1551
sstT,1552
glcB,1553
acpP,1554
glcF,1555
gcvB,1556
fadE,1557
ybiU,1558
ynaJ,1559
yncD,1560
yncE,1561
ydgC,1562
glcG,1563
glcE,1564
glcD,1565
hybO,1566
nudE,1567
yhgE,1568
yjiR,1569
fabA,1570
fabB,1571
arcB,1572
argA,1573
argS,1574
asnB,1575
aspS,1576
atpA,1577
atpH,1578
avtA,1579
btuE,1580
clpP,1581
deaD,1582
dedA,1583
eco,1584
eno,1585
exbB,1586
ftsQ,1587
glnH,1588
gpt,1589
lpxL,1590
ilvA,1591
ilvD,1592
ilvE,1593
ilvM,1594
livF,1595
livG,1596
livJ,1597
metH,1598
groL,1599
msbA,1600
mutY,1601
pabB,1602
pal,1603
pepD,1604
pyrI,1605
rplF,1606
rplR,1607
rpsH,1608
serB,1609
serS,1610
ytjB,1611
sulA,1612
tdh,1613
treA,1614
ybgA,1615
yceB,1616
yfiB,1617
mscS,1618
yhhA,1619
creA,1620
leuA,1621
uspE,1622
rnr,1623
thrL,1624
lipA,1625
ribE,1626
ychE,1627
ppx,1628
rpiA,1629
rhtB,1630
ppk,1631
ibpB,1632
artP,1633
artI,1634
slyX,1635
ptsN,1636
yicH,1637
yebF,1638
purT,1639
rpiB,1640
yiiM,1641
menA,1642
yjbJ,1643
aphA,1644
yjbR,1645
yibL,1646
yhdN,1647
yehL,1648
yojI,1649
sdaC,1650
brnQ,1651
yhjJ,1652
yhjR,1653
eptB,1654
can,1655
ybiI,1656
ybiJ,1657
ycfJ,1658
yacL,1659
yabQ,1660
yhbY,1661
yhdW,1662
yciN,1663
ldhA,1664
yaaX,1665
ybdG,1666
ybdF,1667
ybdL,1668
ybeX,1669
zitB,1670
ybgS,1671
ybhQ,1672
ybiO,1673
ybjS,1674
clpS,1675
ycaM,1676
lolC,1677
ydcK,1678
ydeN,1679
ydhQ,1680
yeaE,1681
yeaG,1682
yoaH,1683
yodC,1684
yfaP,1685
yfcC,1686
zipA,1687
intZ,1688
amiC,1689
yqeG,1690
ygiW,1691
yhcN,1692
yzgL,1693
yhhW,1694
fxsA,1695
yjfP,1696
yjiC,1697
yjiL,1698
yibT,1699
hypA,1700
hypF,1701
hydN,1702
pspA,1703
pspB,1704
pspC,1705
pspD,1706
pspE,1707
purA,1708
ycgZ,1709
ymgA,1710
ymgC,1711
iscA,1712
nrdF,1713
nrdE,1714
torT,1715
iscU,1716
iscS,1717
nrdH,1718
nrdI,1719
btuB,1720
lon,1721
murI,1722
ybaT,1723
ydeM,1724
speG,1725
rtcA,1726
rtcB,1727
argD,1728
glgB,1729
glgX,1730
hemL,1731
metB,1732
metL,1733
purD,1734
purH,1735
rstB,1736
mgtA,1737
ybjG,1738
slyB,1739
dcuD,1740
torC,1741
torD,1742
paaY,1743
oxc,1744
frc,1745
yfdX,1746
emrA,1747
emrB,1748
argB,1749
argC,1750
argF,1751
argI,1752
aroK,1753
cvpA,1754
dacC,1755
yffB,1756
argH,1757
hisL,1758
argE,1759
yaaU,1760
artQ,1761
artM,1762
artJ,1763
ykgA,1764
ydgI,1765
astE,1766
astB,1767
astD,1768
astA,1769
yraQ,1770
accD,1771
accC,1772
fabH,1773
fabD,1774
fabG,1775
fabI,1776
accA,1777
recN,1778
uvrB,1779
creD,1780
glmS,1781
creC,1782
glmU,1783
dinI,1784
eutT,1785
eutQ,1786
eutP,1787
mngA,1788
mngB,1789
gudD,1790
gudP,1791
alsE,1792
alsC,1793
alsA,1794
alsB,1795
ykgM,1796
ykgO,1797
apt,1798
aroB,1799
fhuE,1800
mrdA,1801
murD,1802
nlpA,1803
priC,1804
rhsD,1805
ttdA,1806
yidB,1807
yigG,1808
smg,1809
chaA,1810
yihM,1811
kdgT,1812
tehA,1813
yehD,1814
yehS,1815
rssB,1816
hinT,1817
yadN,1818
chaB,1819
yfjD,1820
ybaN,1821
yjdP,1822
ldcC,1823
ycbU,1824
ycbV,1825
yccT,1826
yccU,1827
ycgY,1828
ychQ,1829
yciU,1830
ycjP,1831
ynaE,1832
ydfI,1833
ydhS,1834
yobD,1835
yodB,1836
yfbN,1837
yfbO,1838
yfbU,1839
yfcV,1840
yfdC,1841
ypdC,1842
ypjA,1843
rsgA,1844
orn,1845
yjfY,1846
edd,1847
ulaG,1848
aroH,1849
trpA,1850
trpB,1851
trpC,1852
trpD,1853
trpE,1854
trpL,1855
malZ,1856
ddlB,1857
lpxC,1858
ftsI,1859
ftsW,1860
mraY,1861
murC,1862
murE,1863
murF,1864
murG,1865
ftsL,1866
fecI,1867
fecR,1868
yjiN,1869
qseC,1870
yiiS,1871
yjfF,1872
ytfQ,1873
ytfR,1874
ytfT,1875
agaB,1876
agaC,1877
agaS,1878
agaD,1879
agaI,1880
alkB,1881
alkA,1882
bioA,1883
bioB,1884
bioC,1885
bioD,1886
bioF,1887
dnaG,1888
phr,1889
polB,1890
recA,1891
recB,1892
recD,1893
recQ,1894
rpoD,1895
rpsU,1896
umuC,1897
umuD,1898
uvrC,1899
uvrD,1900
dinD,1901
dinG,1902
dinF,1903
ybiB,1904
ybfE,1905
yebG,1906
recX,1907
hokE,1908
dinB,1909
yafP,1910
ftsK,1911
ydjM,1912
yoaA,1913
ruvA,1914
ruvB,1915
glyA,1916
glnB,1917
purC,1918
purE,1919
purF,1920
purK,1921
purL,1922
pyrC,1923
speA,1924
speB,1925
ubiX,1926
purB,1927
hflD,1928
ilvC,1929
intA,1930
atoD,1931
atoA,1932
atoE,1933
atoB,1934
cynS,1935
cynX,1936
fruA,1937
fruK,1938
pfkA,1939
pykF,1940
tpiA,1941
setA,1942
envC,1943
yibQ,1944
glk,1945
sgrS,1946
yeaD,1947
fbaB,1948
fruB,1949
leuD,1950
leuC,1951
leuB,1952
dsrA,1953
yghR,1954
nadA,1955
nadB,1956
pnuC,1957
add,1958
dcd,1959
udk,1960
fliE,1961
fliF,1962
fliG,1963
fliH,1964
yccJ,1965
flgM,1966
fliI,1967
fliJ,1968
fliK,1969
flgN,1970
yhbS,1971
xapB,1972
xapA,1973
ygjV,1974
rfaD,1975
sspA,1976
mdtL,1977
zraP,1978
cspB,1979
ssrA,1980
yrdD,1981
yhhY,1982
yjjY,1983
hcaC,1984
hcaB,1985
hcaD,1986
hcaF,1987
gcl,1988
allA,1989
hyi,1990
glxR,1991
allB,1992
ybbY,1993
allC,1994
allD,1995
dhaL,1996
ihfA,1997
infC,1998
pheS,1999
pheT,2000
rfe,2001
rpmI,2002
tsgA,2003
ydbD,2004
tadA,2005
rffG,2006
rffH,2007
rffC,2008
wzyE,2009
rffM,2010
wzxE,2011
dkgB,2012
tehB,2013
rybB,2014
mhpT,2015
hipA,2016
eutA,2017
eutH,2018
tynA,2019
dicB,2020
dicC,2021
ydfD,2022
ydfE,2023
ydfW,2024
ydfX,2025
intQ,2026
ampC,2027
mreB,2028
mreD,2029
arsB,2030
arsC,2031
thiQ,2032
thiP,2033
fepB,2034
nemA,2035
gloA,2036
parE,2037
recG,2038
cbrA,2039
talA,2040
nudF,2041
pta,2042
yqiA,2043
cpdA,2044
yqiB,2045
hokD,2046
relE,2047
ttdB,2048
yqhD,2049
yhbE,2050
rpmA,2051
obgE,2052
metQ,2053
metN,2054
metI,2055
cspC,2056
dgkA,2057
arnT,2058
ydeI,2059
yagK,2060
ybjI,2061
ybjJ,2062
yhjX,2063
ycjF,2064
ycjX,2065
ycjG,2066
mpaA,2067
ycjY,2068
mppA,2069
cysE,2070
ydcO,2071
ybhL,2072
luxS,2073
csrB,2074
rhlE,2075
ybhR,2076
ybhS,2077
ybhF,2078
ybhG,2079
yghJ,2080
yqjF,2081
yhaK,2082
yhaL,2083
glnP,2084
ihfB,2085
amiA,2086
yjbE,2087
yjbF,2088
yjbG,2089
yjbH,2090
pgm,2091
seqA,2092
frmA,2093
frmB,2094
potG,2095
potH,2096
potI,2097
yhdX,2098
yhdY,2099
yhdZ,2100
ddpF,2101
ddpD,2102
ddpB,2103
ddpA,2104
ddpX,2105
yeaH,2106
sfsB,2107
yidL,2108
ykiA,2109
ynbA,2110
ynbB,2111
ynbC,2112
ynbD,2113
ynjI,2114
yecT,2115
yqhG,2116
fliL,2117
fliM,2118
fliN,2119
recC,2120
ppdB,2121
fliO,2122
fliS,2123
fliT,2124
fliP,2125
fliQ,2126
fliR,2127
ppdA,2128
gltJ,2129
gltK,2130
gltL,2131
flgA,2132
flgB,2133
flgC,2134
flgD,2135
flgE,2136
flgF,2137
flgG,2138
flgH,2139
flgI,2140
flgJ,2141
flhA,2142
gltI,2143
ycgR,2144
flhE,2145
flhB,2146
ygbK,2147
wcaB,2148
wcaA,2149
lpp,2150
potE,2151
speF,2152
narU,2153
yagA,2154
yagB,2155
yagE,2156
yagF,2157
ydaS,2158
ydaV,2159
ydaW,2160
rzpR,2161
yihS,2162
yihT,2163
yihU,2164
yihV,2165
exbD,2166
fepC,2167
fepD,2168
fepG,2169
fhuA,2170
fhuB,2171
fhuC,2172
fhuD,2173
tonB,2174
nohA,2175
gpmA,2176
ryhB,2177
stfQ,2178
ycjM,2179
ycjN,2180
ycjO,2181
ycjQ,2182
ycjR,2183
ycjS,2184
ycjT,2185
ycjU,2186
ompG,2187
kdpB,2188
kdpC,2189
kdpF,2190
cueO,2191
copA,2192
zntA,2193
rybA,2194
metA,2195
metC,2196
metF,2197
yeiB,2198
rpmB,2199
ppiC,2200
ybiY,2201
ygbJ,2202
mutM,2203
nth,2204
